loan_id,payment_amount,payment_date
11028,440,2012-04-01
11028,789,2012-04-21
11028,468,2012-05-11
11028,449,2012-05-27
11028,408,2012-06-29
11028,654,2012-07-12
11028,417,2012-07-23
11028,608,2012-09-08
10273,1278,2000-09-02
10273,1191,2000-09-30
10273,1404,2000-10-18
10273,1116,2000-11-20
10273,1577,2000-12-14
10273,1435,2001-01-11
10273,1289,2001-02-23
10273,1480,2001-03-26
11177,1747,2003-10-05
11177,1675,2003-10-24
11177,1406,2003-12-04
11177,1380,2004-01-08
11177,1414,2004-02-19
11177,1929,2004-03-24
11177,1473,2004-04-13
11177,1273,2004-05-26
11213,692,2003-04-28
11213,873,2003-05-16
11213,1038,2003-06-17
11213,1183,2003-07-04
11213,977,2003-07-16
11213,681,2003-09-01
11213,1080,2003-09-11
11213,1029,2003-10-07
11213,971,2003-10-24
11010,1915,2007-12-01
11010,1448,2007-12-15
11010,1819,2008-01-29
11010,1336,2008-02-16
11010,1044,2008-03-10
11010,1252,2008-03-20
11010,1047,2008-04-03
11010,1794,2008-05-19
11010,2042,2008-06-20
10332,1634,2001-05-02
10332,1021,2001-06-02
10332,1105,2001-07-10
10332,1542,2001-07-22
10332,1997,2001-08-21
10332,1439,2001-10-06
10332,1297,2001-11-09
10332,1072,2001-12-11
10332,1430,2002-01-06
11531,1049,2014-06-23
11531,1703,2014-07-05
11531,1392,2014-08-03
11531,1250,2014-08-20
11531,1504,2014-10-07
11531,1401,2014-11-14
11531,1705,2014-12-01
11531,1717,2014-12-24
11531,1635,2015-02-10
11529,833,2000-03-28
11529,1099,2000-05-15
11529,940,2000-06-07
11529,954,2000-07-14
11529,1075,2000-08-11
11529,888,2000-09-13
11529,980,2000-10-30
10497,1590,2007-11-03
10497,1247,2007-12-04
10497,1211,2008-01-10
10497,1002,2008-01-20
10497,1851,2008-02-15
10497,1629,2008-03-29
10497,1853,2008-04-11
10497,993,2008-05-02
10379,2303,2009-05-25
10379,1921,2009-06-28
10379,2154,2009-08-13
10379,2416,2009-09-28
10379,2533,2009-10-19
10379,2024,2009-11-08
10379,2084,2009-11-24
10379,2853,2010-01-09
10379,1743,2003-07-24
10379,1719,2003-09-07
10379,2005,2003-10-22
10379,1434,2003-12-02
10379,1578,2003-12-17
10379,1602,2004-02-02
11285,1652,2006-01-08
11285,2430,2006-02-18
11285,2245,2006-03-05
11285,2028,2006-03-20
11285,1683,2006-04-12
11285,1253,2006-04-26
11285,1241,2006-06-14
11285,2046,2006-07-08
11285,1348,2006-07-30
11045,976,2008-10-06
11045,1106,2008-11-01
11045,772,2008-11-16
11045,866,2008-12-18
11045,1151,2009-01-16
11045,1049,2009-02-16
10971,1067,2002-01-18
10971,1843,2002-01-29
10971,1597,2002-02-09
10971,1847,2002-03-04
10971,1702,2002-03-17
11197,137,2006-08-03
11197,156,2006-09-14
11197,111,2006-10-12
11197,128,2006-11-20
11197,181,2006-12-01
11742,2112,2012-08-01
11742,1585,2012-09-13
11742,1297,2012-10-08
11742,1482,2012-10-18
11742,1698,2012-11-13
11742,1733,2012-12-26
11742,1333,2013-02-01
11742,2314,2013-02-26
11835,983,2000-10-09
11835,865,2000-11-08
11835,1104,2000-12-16
11835,658,2001-01-31
11835,852,2001-03-17
11835,1107,2001-04-27
11835,1107,2001-05-27
11997,765,2012-07-10
11997,781,2012-07-24
11997,904,2012-08-28
11997,857,2012-09-10
11997,761,2012-10-16
11997,745,2012-11-17
11997,1122,2012-12-31
11997,912,2013-01-20
11997,760,2013-02-23
10493,829,2001-06-24
10493,1237,2001-07-22
10493,895,2001-08-28
10493,1123,2001-09-18
10493,1037,2001-10-14
10493,913,2001-11-16
11587,2872,2014-01-06
11587,2812,2014-02-17
11587,2304,2014-03-19
11587,1757,2014-04-07
11587,1925,2014-05-23
11587,2129,2014-06-18
11587,2083,2014-07-30
11587,2211,2014-09-01
11587,1931,2014-09-17
11315,1471,2000-04-23
11315,1513,2000-05-26
11315,2225,2000-06-22
11315,1626,2000-07-31
11315,1577,2000-08-17
11315,1313,2000-09-26
11315,1902,2000-11-08
10259,543,2010-03-31
10259,668,2010-05-10
10259,700,2010-06-26
10259,368,2010-07-26
10259,645,2010-09-03
10259,422,2010-09-21
11788,656,2012-06-19
11788,453,2012-07-03
11788,629,2012-08-03
11788,500,2012-08-16
11788,550,2012-09-16
11788,635,2012-09-26
11788,574,2012-11-12
11788,417,2012-12-07
10835,697,2009-02-15
10835,640,2009-03-22
10835,494,2009-05-04
10835,590,2009-06-02
10835,673,2009-06-27
11381,1936,2013-03-06
11381,2398,2013-04-10
11381,2200,2013-05-01
11381,1826,2013-06-12
11381,2583,2013-07-27
11381,2397,2013-08-09
11381,1708,2013-09-26
11397,896,2001-05-15
11397,865,2001-06-02
11397,851,2001-07-15
11397,844,2001-08-30
11397,762,2001-10-01
11397,736,2001-11-12
10686,1318,2014-06-24
10686,881,2014-08-02
10686,1335,2014-09-04
10686,706,2014-10-06
10686,1200,2014-10-25
10799,946,2001-04-13
10799,696,2001-05-02
10799,704,2001-06-16
10799,635,2001-06-29
10799,797,2001-07-13
10896,1185,2004-04-26
10896,950,2004-05-24
10896,1210,2004-07-02
10896,1008,2004-07-16
10896,852,2004-08-28
10896,1270,2004-09-14
11372,647,2004-03-28
11372,931,2004-04-24
11372,928,2004-05-24
11372,1109,2004-07-08
11372,1060,2004-08-15
11372,778,2004-09-27
11372,756,2004-10-24
11372,1159,2004-11-13
10763,862,2007-04-14
10763,1228,2007-05-04
10763,1036,2007-06-08
10763,1161,2007-07-07
10763,1440,2007-07-22
11476,873,2001-07-25
11476,979,2001-08-22
11476,987,2001-09-05
11476,1292,2001-10-21
11476,1078,2001-11-02
11476,1221,2001-11-20
11476,1272,2001-12-27
11476,1179,2002-02-11
11476,917,2002-03-19
11857,784,2010-11-07
11857,468,2010-11-18
11857,902,2010-12-15
11857,786,2011-02-02
11857,559,2011-03-19
11857,509,2011-04-16
11857,671,2011-05-20
11857,837,2011-06-08
10630,1438,2013-02-28
10630,1453,2013-04-14
10630,1018,2013-05-13
10630,1035,2013-05-25
10630,1150,2013-06-13
10630,1253,2013-06-26
10630,1323,2013-07-07
10630,1218,2013-08-01
10630,1478,2013-09-19
10180,1333,2009-07-28
10180,1199,2009-08-17
10180,1893,2009-10-01
10180,1131,2009-10-21
10180,1784,2009-11-01
10180,1462,2009-11-29
10180,1115,2010-01-05
10180,1916,2010-02-08
10180,1342,2010-03-07
10900,597,2003-09-24
10900,432,2003-10-23
10900,443,2003-12-06
10900,480,2004-01-06
10900,516,2004-02-13
10900,439,2004-04-01
10900,488,2004-05-01
10900,417,2004-06-16
10322,2201,2001-09-26
10322,2698,2001-10-30
10322,2492,2001-12-04
10322,1890,2002-01-08
10322,1848,2002-02-15
10322,1776,2002-03-03
11475,1527,2013-12-04
11475,1425,2013-12-22
11475,1780,2014-02-08
11475,1322,2014-03-12
11475,1664,2014-03-28
11475,1383,2014-04-29
11475,1616,2014-05-22
11032,80,2010-11-02
11032,158,2010-12-06
11032,145,2011-01-21
11032,81,2011-02-26
11032,150,2011-03-26
11032,126,2011-04-18
11032,85,2011-05-19
11087,1987,2010-04-02
11087,1313,2010-05-06
11087,1713,2010-06-03
11087,2048,2010-07-20
11087,1847,2010-08-24
11087,1477,2010-09-22
11087,1311,2010-10-28
10676,2373,2012-08-28
10676,1299,2012-09-11
10676,2448,2012-09-28
10676,1764,2012-10-28
10676,2448,2012-11-14
10676,2571,2012-11-25
10676,2111,2012-12-21
10676,2005,2013-01-22
11328,1517,2014-10-14
11328,1319,2014-11-22
11328,1632,2014-12-21
11328,1467,2015-01-17
11328,1998,2015-03-01
11328,1343,2015-03-15
11328,1983,2015-04-08
11328,1759,2015-05-02
10904,406,2013-12-11
10904,450,2014-01-18
10904,612,2014-02-17
10904,327,2014-04-02
10904,536,2014-05-09
10904,420,2014-05-20
10904,344,2014-06-04
11975,920,2014-09-13
11975,1002,2014-10-23
11975,1517,2014-11-09
11975,1569,2014-12-04
11975,804,2015-01-13
11975,1009,2015-02-08
11975,825,2015-03-26
11702,1602,2005-11-06
11702,1611,2005-12-13
11702,1425,2005-12-25
11702,1520,2006-02-02
11702,1495,2006-03-13
11702,1615,2006-03-26
11702,1069,2006-04-11
11702,1427,2006-04-21
11702,1236,2006-05-15
10977,448,2008-10-22
10977,584,2008-11-18
10977,592,2008-12-29
10977,449,2009-01-19
10977,511,2009-02-23
10977,601,2009-03-27
10977,736,2009-05-04
10977,514,2009-06-16
10977,759,2009-07-09
11731,2098,2007-01-13
11731,2633,2007-02-16
11731,1882,2007-03-06
11731,2299,2007-04-09
11731,2464,2007-05-14
11731,1894,2007-06-02
11731,2578,2007-07-06
11731,2685,2007-07-24
11731,2546,2007-08-25
11053,669,2014-09-04
11053,647,2014-10-15
11053,702,2014-11-11
11053,651,2014-12-02
11053,359,2015-01-12
11053,399,2015-02-21
11053,404,2015-03-22
10662,1322,2014-11-25
10662,983,2014-12-27
10662,1402,2015-01-30
10662,1857,2015-02-21
10662,1644,2015-03-18
10662,1255,2015-04-21
10662,1589,2015-05-17
10662,971,2015-06-17
11729,1904,2002-09-22
11729,1822,2002-10-07
11729,1281,2002-10-20
11729,1824,2002-11-01
11729,1801,2002-11-24
11729,1648,2003-01-09
11729,1770,2003-02-13
11729,1992,2003-03-11
10059,2203,2011-06-09
10059,1842,2011-07-18
10059,1399,2011-07-31
10059,1506,2011-08-23
10059,1155,2011-09-12
10059,1368,2011-10-31
10059,1784,2011-12-08
10059,1856,2012-01-24
10059,1332,2012-03-12
10768,1016,2013-08-16
10768,682,2013-10-04
10768,1042,2013-11-02
10768,986,2013-11-17
10768,1231,2013-12-14
10768,1157,2013-12-28
10768,673,2014-01-15
10768,860,2014-01-30
10877,1210,2007-12-11
10877,1293,2007-12-31
10877,1211,2008-02-09
10877,1332,2008-03-13
10877,2140,2008-04-16
10877,1441,2008-06-04
10877,1978,2008-07-06
10877,1583,2008-08-10
10874,2617,2009-02-19
10874,2278,2009-03-16
10874,1525,2009-04-22
10874,1385,2009-05-15
10874,2015,2009-06-15
10874,2292,2009-07-07
10874,2246,2009-08-20
10874,2608,2009-09-08
10511,882,2000-11-12
10511,601,2000-11-24
10511,589,2000-12-15
10511,779,2001-01-26
10511,694,2001-03-01
10511,990,2001-03-18
10511,583,2001-04-30
11651,2488,2003-03-03
11651,2277,2003-04-08
11651,2110,2003-04-20
11651,1653,2003-05-12
11651,1841,2003-05-28
11651,2271,2003-06-13
11082,1257,2007-05-02
11082,1780,2007-06-18
11082,1072,2007-07-30
11082,1479,2007-09-01
11082,1069,2007-09-14
11717,1917,2006-10-27
11717,1550,2006-11-23
11717,2117,2006-12-15
11717,1864,2007-01-24
11717,1814,2007-03-14
11717,1395,2007-03-28
11717,1373,2007-05-13
11717,1823,2007-05-29
11717,2008,2007-06-11
11291,887,2000-05-21
11291,540,2000-06-16
11291,915,2000-07-17
11291,722,2000-08-22
11291,467,2000-09-07
11424,1290,2010-05-13
11424,1992,2010-06-08
11424,1080,2010-06-30
11424,1710,2010-07-12
11424,1763,2010-07-24
11424,1293,2010-08-22
11424,1754,2010-09-02
11424,1825,2010-10-12
11424,1194,2010-11-18
11009,1159,2011-07-26
11009,979,2011-08-31
11009,1436,2011-10-15
11009,1467,2011-12-03
11009,980,2012-01-18
11706,572,2014-02-25
11706,1049,2014-04-02
11706,756,2014-05-02
11706,814,2014-06-03
11706,898,2014-07-15
11706,945,2014-08-08
11582,516,2009-10-21
11582,534,2009-11-23
11582,374,2010-01-07
11582,489,2010-02-18
11582,478,2010-03-21
11582,570,2010-04-10
11582,367,2010-05-19
10681,377,2010-10-29
10681,390,2010-11-24
10681,612,2010-12-29
10681,653,2011-01-31
10681,683,2011-03-19
10681,578,2011-04-15
10681,528,2011-04-27
10681,503,2011-05-28
10184,976,2002-12-29
10184,1233,2003-02-07
10184,1053,2003-03-11
10184,1292,2003-04-01
10184,1300,2003-04-25
11140,380,2012-11-24
11140,582,2012-12-17
11140,556,2013-01-20
11140,497,2013-02-15
11140,577,2013-03-20
11695,1275,2009-12-19
11695,1303,2010-02-06
11695,715,2010-03-14
11695,1192,2010-04-09
11695,1037,2010-04-21
11895,485,2006-05-30
11895,473,2006-06-22
11895,431,2006-08-06
11895,550,2006-08-26
11895,805,2006-09-19
10385,1512,2007-03-19
10385,2181,2007-04-10
10385,1623,2007-05-23
10385,1830,2007-06-03
10385,2732,2007-07-07
10385,2635,2007-08-14
11298,1446,2006-05-19
11298,2368,2006-06-19
11298,2744,2006-07-24
11298,1502,2006-08-17
11298,2539,2006-10-02
11298,2770,2006-10-12
11298,2837,2006-11-24
11298,1461,2006-12-14
11306,1008,2000-06-13
11306,1162,2000-07-07
11306,772,2000-08-07
11306,1086,2000-09-13
11306,1107,2000-10-06
11306,1098,2000-10-21
11306,839,2000-11-05
11306,1044,2000-12-18
11306,1281,2001-01-08
10908,488,2003-07-13
10908,668,2003-07-29
10908,412,2003-08-28
10908,581,2003-09-08
10908,743,2003-09-20
10908,441,2003-10-06
10908,756,2003-10-21
10908,473,2003-11-12
11686,2132,2009-02-11
11686,1220,2009-03-12
11686,1763,2009-04-06
11686,1468,2009-05-25
11686,1393,2009-06-08
11686,2246,2009-07-25
11686,1338,2009-09-07
11686,1626,2009-10-24
10631,765,2004-06-29
10631,1425,2004-08-16
10631,1220,2004-09-01
10631,1076,2004-09-14
10631,806,2004-10-26
10631,1392,2004-12-08
10064,149,2007-02-23
10064,101,2007-03-24
10064,150,2007-04-12
10064,87,2007-05-13
10064,143,2007-06-13
10064,128,2007-07-29
10064,91,2007-08-13
11430,631,2013-08-10
11430,710,2013-09-03
11430,578,2013-09-21
11430,717,2013-10-02
11430,601,2013-11-07
11430,719,2013-12-06
11430,425,2013-12-27
11012,2500,2000-10-02
11012,2260,2000-10-20
11012,1815,2000-11-30
11012,2296,2000-12-29
11012,2477,2001-01-13
11012,1708,2001-02-04
10916,1610,2005-05-20
10916,1726,2005-06-19
10916,1909,2005-07-06
10916,2227,2005-08-23
10916,2101,2005-09-15
10916,1747,2005-10-05
10916,1804,2005-10-31
11232,1963,2005-02-20
11232,1596,2005-03-12
11232,2137,2005-04-02
11232,1688,2005-04-25
11232,1967,2005-05-11
11232,1593,2005-06-17
11232,1840,2005-07-24
11232,2293,2005-08-06
10625,198,2010-11-02
10625,194,2010-11-25
10625,175,2010-12-24
10625,204,2011-01-31
10625,286,2011-02-14
10625,196,2011-03-02
10625,236,2011-04-09
10625,295,2011-05-16
11239,2278,2006-04-07
11239,2171,2006-05-16
11239,1697,2006-05-31
11239,2767,2006-07-15
11239,2658,2006-08-24
11239,2095,2006-09-10
11239,1817,2006-09-23
10317,1396,2000-06-20
10317,970,2000-07-30
10317,1587,2000-08-17
10317,1464,2000-09-13
10317,970,2000-10-21
10317,1521,2000-11-05
10317,1067,2000-12-21
10794,1402,2002-07-15
10794,1529,2002-08-18
10794,1424,2002-09-30
10794,1726,2002-10-25
10794,1985,2002-11-09
10736,310,2004-03-06
10736,357,2004-04-10
10736,284,2004-05-05
10736,216,2004-05-19
10736,217,2004-06-20
10736,249,2004-07-02
10736,346,2004-08-13
10736,251,2004-09-24
10736,383,2004-10-23
11192,2301,2014-12-01
11192,1717,2015-01-01
11192,1729,2015-02-01
11192,1303,2015-03-07
11192,1641,2015-04-24
11192,1875,2015-05-04
11192,2456,2015-06-02
11192,1883,2015-07-12
11192,2104,2015-07-30
11891,1219,2005-07-01
11891,691,2005-07-29
11891,1238,2005-08-20
11891,677,2005-09-09
11891,1159,2005-10-12
11891,840,2005-11-10
11891,732,2005-12-02
11891,1087,2006-01-13
11286,2092,2011-11-01
11286,2541,2011-11-17
11286,1625,2011-12-12
11286,2395,2012-01-25
11286,1970,2012-02-21
11286,2133,2012-03-26
11286,1703,2012-04-09
11286,2038,2012-04-30
10169,1742,2011-12-24
10169,1749,2012-01-03
10169,1058,2012-01-14
10169,1616,2012-02-18
10169,1518,2012-03-19
11453,977,2004-03-10
11453,1117,2004-03-20
11453,819,2004-04-18
11453,1309,2004-05-11
11453,1485,2004-05-22
11453,1446,2004-06-05
11453,1339,2004-07-10
10868,203,2008-07-12
10868,263,2008-08-17
10868,278,2008-10-01
10868,264,2008-10-23
10868,215,2008-11-08
10868,152,2008-12-23
10868,178,2009-01-26
10868,153,2009-02-27
10868,190,2009-04-02
10848,737,2014-08-02
10848,612,2014-09-09
10848,745,2014-10-18
10848,665,2014-11-04
10848,684,2014-11-18
11809,108,2013-11-29
11809,75,2013-12-10
11809,117,2014-01-10
11809,136,2014-02-24
11809,80,2014-03-21
11809,131,2014-05-03
11809,105,2014-05-16
10429,844,2010-11-01
10429,735,2010-12-15
10429,647,2011-01-15
10429,611,2011-02-13
10429,629,2011-02-23
10429,659,2011-04-11
10429,549,2011-05-17
10429,827,2011-05-27
10429,843,2011-06-26
10603,1648,2014-11-10
10603,1916,2014-12-22
10603,2081,2015-01-07
10603,2198,2015-02-11
10603,2370,2015-03-04
10603,1750,2015-03-30
10534,890,2014-03-01
10534,1170,2014-04-03
10534,989,2014-05-22
10534,818,2014-06-15
10534,1065,2014-07-22
10534,1007,2014-09-07
10534,1047,2014-09-26
10534,926,2014-11-02
10534,1141,2014-12-06
11530,1281,2011-09-26
11530,1047,2011-11-05
11530,1059,2011-11-19
11530,1109,2011-12-17
11530,1133,2012-01-17
11530,1381,2012-02-22
11530,1293,2012-03-19
11530,954,2012-05-02
10126,2106,2005-09-14
10126,1793,2005-10-20
10126,1495,2005-12-02
10126,2039,2006-01-20
10126,1382,2006-03-01
10126,1571,2006-03-28
10126,1194,2006-05-03
11981,252,2000-08-20
11981,235,2000-09-25
11981,390,2000-10-24
11981,321,2000-12-02
11981,414,2001-01-14
11635,604,2005-12-08
11635,340,2005-12-31
11635,574,2006-01-19
11635,471,2006-02-18
11635,409,2006-03-23
11635,382,2006-04-06
11635,557,2006-05-16
11635,395,2006-06-23
11873,941,2006-09-24
11873,997,2006-11-05
11873,1187,2006-12-18
11873,932,2007-01-24
11873,1031,2007-02-20
11806,1412,2013-10-10
11806,1780,2013-11-02
11806,1669,2013-11-25
11806,1145,2013-12-19
11806,1668,2014-01-02
11806,1556,2014-01-23
10590,522,2014-02-03
10590,392,2014-03-10
10590,469,2014-04-06
10590,362,2014-05-03
10590,481,2014-05-28
10590,395,2014-07-16
11822,1634,2013-03-23
11822,1942,2013-05-09
11822,2141,2013-05-28
11822,2685,2013-06-13
11822,1425,2013-07-07
10921,931,2005-06-08
10921,1186,2005-06-23
10921,1624,2005-08-08
10921,1315,2005-09-17
10921,1688,2005-10-31
10921,1508,2005-11-20
10921,1111,2006-01-03
10862,705,2004-03-03
10862,1014,2004-03-30
10862,996,2004-05-06
10862,1072,2004-05-17
10862,1350,2004-07-04
10862,703,2004-08-07
10657,1153,2009-05-24
10657,1172,2009-06-30
10657,1268,2009-07-22
10657,1251,2009-08-25
10657,1361,2009-09-28
10657,1393,2009-10-09
10657,1240,2009-11-25
11623,1162,2009-04-15
11623,2113,2009-05-22
11623,1258,2009-06-10
11623,2111,2009-07-19
11623,1401,2009-09-03
11623,1264,2009-09-22
11623,2020,2009-10-12
11623,1971,2009-11-28
11623,1545,2010-01-16
11542,2207,2010-07-01
11542,2352,2010-08-05
11542,1505,2010-09-01
11542,2170,2010-10-20
11542,1765,2010-11-07
11542,2551,2010-12-07
10108,1307,2005-12-01
10108,1108,2006-01-12
10108,1549,2006-03-02
10108,1566,2006-03-27
10108,1375,2006-05-02
10108,1550,2006-06-10
10108,1458,2006-07-10
10108,1136,2006-08-03
10642,1382,2008-11-17
10642,1494,2008-12-20
10642,1499,2009-01-03
10642,1380,2009-01-15
10642,828,2009-02-01
10642,1132,2009-03-05
10642,1090,2009-04-07
10801,2022,2000-04-06
10801,1691,2000-05-19
10801,1271,2000-06-01
10801,1385,2000-06-30
10801,1271,2000-07-16
10883,719,2011-06-17
10883,1125,2011-06-30
10883,820,2011-07-15
10883,1112,2011-08-01
10883,778,2011-09-06
10883,1020,2011-10-19
10883,1076,2011-11-19
11097,1538,2000-04-04
11097,1674,2000-04-21
11097,1306,2000-05-19
11097,1222,2000-06-21
11097,2297,2000-08-01
11097,2185,2000-09-15
11097,2124,2000-10-06
10302,785,2010-03-19
10302,410,2010-05-05
10302,694,2010-06-12
10302,682,2010-07-28
10302,567,2010-09-04
10302,638,2010-10-05
10302,704,2010-10-30
11120,1072,2012-06-30
11120,1063,2012-07-18
11120,817,2012-08-31
11120,690,2012-09-26
11120,1072,2012-11-03
11120,1009,2012-11-17
11120,1105,2013-01-05
11094,985,2014-10-02
11094,1703,2014-11-03
11094,1559,2014-12-12
11094,1354,2015-01-20
11094,1422,2015-03-02
11653,960,2012-04-18
11653,1162,2012-05-03
11653,1376,2012-06-17
11653,1053,2012-07-08
11653,825,2012-07-21
11951,512,2008-05-20
11951,653,2008-06-21
11951,498,2008-08-04
11951,619,2008-09-22
11951,552,2008-11-02
11951,695,2008-11-22
11951,730,2009-01-09
11951,410,2009-02-19
11951,673,2009-03-25
10262,950,2002-09-14
10262,1269,2002-09-29
10262,1471,2002-11-17
10262,1645,2002-12-29
10262,1385,2003-01-09
10262,1091,2003-02-09
10262,1562,2003-03-27
10262,1013,2003-05-02
10262,1437,2003-06-20
11567,118,2008-04-01
11567,125,2008-05-09
11567,148,2008-05-23
11567,204,2008-06-06
11567,132,2008-06-25
10870,627,2003-04-03
10870,378,2003-04-28
10870,741,2003-06-10
10870,680,2003-07-11
10870,682,2003-08-13
10870,564,2003-09-24
10870,696,2003-10-20
11247,1457,2007-06-28
11247,1803,2007-08-10
11247,980,2007-09-19
11247,1171,2007-10-07
11247,1658,2007-10-27
11247,1787,2007-11-30
11247,1879,2008-01-01
10663,2260,2004-06-17
10663,1941,2004-08-05
10663,1856,2004-09-13
10663,2057,2004-10-31
10663,1387,2004-12-01
10663,1833,2005-01-19
10663,1354,2005-02-19
10663,2617,2005-04-04
10663,2584,2005-05-10
11033,1320,2006-04-03
11033,1514,2006-05-11
11033,1571,2006-06-15
11033,1073,2006-07-07
11033,1342,2006-08-10
11033,1364,2006-09-22
11033,1004,2006-10-27
10115,85,2010-10-23
10115,78,2010-11-07
10115,145,2010-12-06
10115,149,2011-01-20
10115,127,2011-02-23
11793,2436,2006-03-02
11793,1949,2006-04-07
11793,2449,2006-04-20
11793,1770,2006-06-02
11793,2654,2006-07-14
11150,197,2008-12-02
11150,256,2008-12-15
11150,288,2009-01-19
11150,254,2009-02-11
11150,257,2009-02-24
11150,291,2009-03-18
11150,194,2009-03-31
11150,264,2009-05-09
11150,283,2009-06-04
11586,2038,2001-04-28
11586,2019,2001-05-15
11586,1958,2001-06-01
11586,2627,2001-06-28
11586,2653,2001-07-09
11586,1725,2001-07-25
11586,1923,2001-08-28
10830,1528,2014-03-21
10830,1653,2014-04-23
10830,2766,2014-06-09
10830,1992,2014-07-07
10830,1579,2014-07-31
10830,1877,2014-08-27
10703,186,2014-02-02
10703,136,2014-03-13
10703,142,2014-04-30
10703,215,2014-05-15
10703,128,2014-06-30
10703,204,2014-08-02
10703,166,2014-08-26
11007,2294,2005-04-23
11007,2484,2005-05-09
11007,1424,2005-06-18
11007,2098,2005-07-26
11007,1778,2005-08-29
11883,261,2000-06-07
11883,142,2000-06-23
11883,240,2000-07-26
11883,212,2000-08-26
11883,156,2000-09-13
11883,248,2000-10-11
11883,158,2000-11-15
11883,258,2000-11-30
10290,1088,2013-01-27
10290,1500,2013-03-05
10290,1650,2013-03-26
10290,1632,2013-04-27
10290,1834,2013-05-26
10290,1621,2013-07-05
10290,1321,2013-07-19
10290,1548,2013-08-11
10290,1289,2013-09-26
11382,1068,2014-05-23
11382,1316,2014-07-08
11382,762,2014-08-14
11382,1252,2014-09-18
11382,967,2014-10-17
11382,981,2014-10-31
10964,1282,2010-10-11
10964,1187,2010-11-12
10964,1213,2010-12-06
10964,1223,2011-01-21
10964,1307,2011-02-20
10964,1185,2011-04-04
10964,1140,2011-04-26
11450,1148,2000-11-08
11450,1566,2000-12-11
11450,1374,2001-01-18
11450,1544,2001-02-06
11450,993,2001-03-07
11450,1096,2001-03-21
11450,1012,2001-04-14
11450,924,2001-05-03
10066,808,2007-01-02
10066,952,2007-01-26
10066,1203,2007-02-16
10066,935,2007-03-15
10066,1120,2007-04-10
10066,1285,2007-05-10
10066,1307,2007-06-06
10066,1120,2007-06-25
10765,2254,2006-11-12
10765,1526,2006-12-17
10765,1754,2007-01-09
10765,2075,2007-02-23
10765,2501,2007-03-17
10765,2381,2007-04-14
10765,2579,2007-05-23
10765,1623,2007-06-26
10892,2413,2003-10-18
10892,2870,2003-11-10
10892,2929,2003-12-20
10892,2483,2004-01-31
10892,2656,2004-03-04
10269,2035,2006-08-12
10269,1498,2006-08-26
10269,2378,2006-09-29
10269,2515,2006-11-09
10269,2817,2006-12-24
10269,2525,2007-02-03
10269,1507,2007-03-13
11983,868,2012-03-12
11983,1473,2012-04-12
11983,1314,2012-05-23
11983,1596,2012-06-25
11983,1423,2012-08-07
11983,1437,2012-08-28
11983,1251,2012-09-24
11890,596,2015-01-22
11890,446,2015-03-12
11890,375,2015-03-24
11890,403,2015-04-06
11890,525,2015-04-21
11744,1235,2004-04-17
11744,1283,2004-05-24
11744,771,2004-06-29
11744,1281,2004-07-26
11744,1149,2004-08-22
11744,1204,2004-09-16
11744,1280,2004-10-23
11193,431,2006-09-03
11193,629,2006-09-18
11193,582,2006-11-01
11193,609,2006-11-16
11193,489,2006-12-18
11193,461,2007-01-27
11193,548,2007-02-11
10435,1810,2003-12-05
10435,1456,2004-01-21
10435,1798,2004-02-29
10435,1877,2004-04-15
10435,1217,2004-05-23
10435,2104,2004-06-21
10435,1624,2004-07-30
10455,142,2012-03-19
10455,144,2012-04-26
10455,137,2012-06-13
10455,102,2012-06-29
10455,93,2012-07-09
11887,1171,2008-05-13
11887,981,2008-06-16
11887,701,2008-07-29
11887,1002,2008-09-14
11887,1260,2008-11-01
11887,900,2008-12-01
11887,1061,2008-12-15
11245,615,2009-09-04
11245,724,2009-10-10
11245,579,2009-11-19
11245,672,2009-12-20
11245,648,2010-02-05
11245,694,2010-02-17
11245,477,2010-03-08
10252,1359,2002-08-21
10252,873,2002-10-01
10252,868,2002-10-29
10252,1109,2002-11-15
10252,973,2002-12-20
10252,1468,2003-01-14
10252,790,2003-02-02
10769,1151,2008-12-30
10769,1947,2009-01-26
10769,1396,2009-03-12
10769,1391,2009-04-03
10769,1659,2009-04-27
10769,1829,2009-05-07
11451,523,2010-10-02
11451,839,2010-11-11
11451,531,2010-12-23
11451,755,2011-02-07
11451,672,2011-03-08
11451,509,2011-03-31
11451,675,2011-05-01
11451,467,2011-05-17
10178,1036,2008-01-08
10178,1621,2008-01-19
10178,1362,2008-02-14
10178,1546,2008-03-22
10178,1294,2008-05-01
10178,1557,2008-05-23
10178,1485,2008-06-28
11832,440,2001-12-24
11832,437,2002-01-05
11832,426,2002-02-16
11832,468,2002-03-11
11832,448,2002-04-07
11832,435,2002-05-13
11832,380,2002-06-09
11832,303,2002-07-14
11220,2757,2013-11-22
11220,1447,2013-12-17
11220,2357,2013-12-31
11220,2116,2014-02-15
11220,2778,2014-03-08
11220,1626,2014-04-06
11220,2828,2014-04-19
11220,2117,2014-06-04
11220,2543,2014-07-01
10692,942,2012-10-31
10692,899,2012-12-15
10692,844,2012-12-31
10692,848,2013-01-16
10692,706,2013-02-28
10692,527,2013-04-17
10679,672,2010-11-26
10679,902,2011-01-04
10679,785,2011-01-28
10679,584,2011-02-19
10679,701,2011-03-31
10259,273,2005-07-13
10259,371,2005-08-31
10259,351,2005-09-27
10259,332,2005-11-12
10259,233,2005-12-03
10786,2423,2013-01-09
10786,1713,2013-01-21
10786,1801,2013-03-06
10786,1672,2013-03-18
10786,2022,2013-05-03
11408,1408,2011-12-09
11408,2088,2011-12-19
11408,2192,2012-01-03
11408,2286,2012-01-31
11408,2262,2012-03-17
10854,619,2000-06-07
10854,1079,2000-07-17
10854,1101,2000-08-09
10854,687,2000-09-19
10854,968,2000-10-12
10854,723,2000-11-04
10854,762,2000-11-21
11356,860,2003-02-11
11356,1052,2003-03-07
11356,1160,2003-04-08
11356,1283,2003-04-20
11356,896,2003-05-22
11356,836,2003-06-24
11356,662,2003-07-12
11356,710,2003-08-01
11435,254,2002-03-03
11435,284,2002-04-19
11435,267,2002-05-31
11435,287,2002-06-27
11435,241,2002-07-14
11599,1389,2011-01-10
11599,992,2011-02-05
11599,1733,2011-03-12
11599,1494,2011-04-09
11599,1410,2011-04-23
11599,1404,2011-05-14
11599,1007,2011-06-22
11599,1246,2011-08-03
10413,851,2003-05-11
10413,773,2003-05-29
10413,964,2003-06-13
10413,662,2003-07-28
10413,673,2003-09-01
10413,828,2003-09-19
10413,561,2003-10-10
10413,994,2003-10-23
10413,532,2003-11-13
11981,1074,2008-03-18
11981,622,2008-04-26
11981,918,2008-06-13
11981,1148,2008-07-18
11981,873,2008-08-31
11981,811,2008-10-04
11981,845,2008-10-17
11981,853,2008-11-23
10051,1270,2010-12-18
10051,1785,2011-01-17
10051,1269,2011-01-28
10051,1544,2011-02-08
10051,1098,2011-03-18
10051,1460,2011-04-25
10051,1732,2011-05-27
10051,963,2011-07-06
11895,243,2009-08-25
11895,288,2009-09-14
11895,215,2009-10-13
11895,213,2009-11-24
11895,211,2010-01-02
11895,296,2010-01-14
11895,169,2010-03-02
10594,578,2004-03-09
10594,748,2004-04-13
10594,852,2004-05-19
10594,851,2004-07-07
10594,582,2004-08-11
11261,793,2006-05-15
11261,1055,2006-06-04
11261,941,2006-07-22
11261,1185,2006-08-10
11261,1388,2006-09-18
10088,2340,2013-12-31
10088,2350,2014-01-16
10088,2050,2014-02-26
10088,1741,2014-03-25
10088,1516,2014-04-20
10340,451,2012-06-16
10340,900,2012-06-27
10340,884,2012-07-22
10340,551,2012-09-08
10340,577,2012-10-07
11155,446,2002-04-26
11155,344,2002-05-21
11155,390,2002-07-02
11155,347,2002-08-15
11155,319,2002-09-23
11155,428,2002-11-03
11974,961,2002-12-12
11974,1470,2003-01-29
11974,1379,2003-03-07
11974,1368,2003-04-25
11974,1531,2003-05-25
11974,1034,2003-06-17
11974,1600,2003-07-10
11974,935,2003-08-06
11974,1005,2003-08-27
10573,919,2011-08-23
10573,844,2011-09-09
10573,788,2011-10-10
10573,684,2011-10-28
10573,613,2011-11-07
10573,923,2011-12-07
10431,1625,2006-02-25
10431,1793,2006-03-09
10431,987,2006-04-01
10431,977,2006-05-10
10431,928,2006-06-11
10431,1659,2006-07-16
10431,1614,2006-07-28
10431,1413,2006-09-09
10431,1359,2006-10-23
11614,1878,2000-03-17
11614,2242,2000-04-13
11614,2461,2000-05-29
11614,2569,2000-06-19
11614,1677,2000-08-04
11614,2580,2000-09-19
11614,1788,2000-10-05
11466,2009,2013-12-06
11466,1974,2014-01-13
11466,2200,2014-02-28
11466,1616,2014-03-11
11466,2353,2014-04-16
11370,1007,2010-05-04
11370,1649,2010-06-21
11370,1201,2010-07-14
11370,1745,2010-08-17
11370,1429,2010-10-02
11370,1663,2010-10-22
11511,1427,2004-06-14
11511,1971,2004-07-21
11511,1291,2004-08-26
11511,2141,2004-09-10
11511,2062,2004-10-21
11511,2343,2004-12-04
11511,1933,2004-12-25
11511,1618,2005-01-21
11511,1270,2005-02-21
11664,1986,2002-11-03
11664,2444,2002-11-13
11664,2617,2002-11-27
11664,1623,2002-12-27
11664,2412,2003-01-08
11664,2858,2003-01-27
11664,2112,2003-02-16
11664,2428,2003-04-02
11664,1723,2003-04-16
10604,340,2001-05-24
10604,265,2001-07-07
10604,257,2001-08-05
10604,229,2001-09-14
10604,252,2001-10-14
10730,480,2008-06-12
10730,307,2008-07-01
10730,382,2008-08-19
10730,361,2008-09-08
10730,546,2008-09-28
10730,340,2008-10-19
10730,554,2008-11-01
10730,420,2008-11-15
10730,548,2008-11-30
11948,2074,2005-10-22
11948,1805,2005-11-24
11948,2851,2005-12-21
11948,2027,2006-01-18
11948,2479,2006-02-16
10329,920,2001-05-29
10329,949,2001-07-01
10329,876,2001-08-17
10329,540,2001-10-02
10329,609,2001-10-28
10329,745,2001-11-17
10329,986,2001-12-18
10329,942,2002-01-08
10588,1577,2010-01-25
10588,1240,2010-02-26
10588,1057,2010-03-13
10588,1179,2010-04-29
10588,1714,2010-06-15
10588,1130,2010-07-26
10588,1461,2010-08-13
10588,1635,2010-09-25
10322,379,2008-10-05
10322,240,2008-11-22
10322,279,2008-12-18
10322,269,2009-01-10
10322,344,2009-02-07
10322,248,2009-03-15
10322,399,2009-04-18
10322,216,2009-05-20
10322,413,2009-06-13
10061,939,2008-09-12
10061,1552,2008-10-24
10061,1429,2008-11-25
10061,1554,2008-12-16
10061,1248,2009-01-29
10061,940,2009-02-15
10061,1633,2009-02-26
10061,1151,2009-03-13
10061,1611,2009-03-26
11116,1116,2008-09-27
11116,1168,2008-11-02
11116,1002,2008-12-08
11116,954,2009-01-07
11116,1408,2009-02-20
11116,1157,2009-04-02
10973,224,2005-11-29
10973,251,2005-12-28
10973,261,2006-01-16
10973,193,2006-02-15
10973,234,2006-03-31
10973,188,2006-05-19
10973,210,2006-05-29
10973,172,2006-07-11
10223,847,2005-12-21
10223,523,2006-01-22
10223,610,2006-02-22
10223,785,2006-03-26
10223,440,2006-05-12
10223,652,2006-05-28
11261,1152,2013-06-11
11261,909,2013-07-29
11261,1036,2013-09-02
11261,867,2013-10-09
11261,717,2013-11-16
11261,1084,2013-12-29
11261,732,2014-01-18
11261,859,2014-02-23
11006,728,2014-08-10
11006,1215,2014-09-23
11006,978,2014-10-23
11006,1118,2014-11-04
11006,996,2014-12-01
11006,786,2014-12-13
10578,1055,2010-03-15
10578,1390,2010-04-09
10578,1115,2010-05-16
10578,1209,2010-07-01
10578,767,2010-08-12
10578,1247,2010-08-31
10578,1172,2010-10-16
10578,873,2010-12-01
11520,572,2013-08-23
11520,480,2013-09-05
11520,548,2013-09-28
11520,408,2013-11-02
11520,337,2013-11-25
11401,379,2014-06-29
11401,380,2014-07-16
11401,253,2014-08-06
11401,372,2014-09-19
11401,422,2014-11-04
11401,268,2014-12-02
11401,383,2015-01-14
10894,1325,2010-10-03
10894,1072,2010-10-30
10894,802,2010-11-17
10894,1301,2010-12-02
10894,894,2010-12-29
10894,894,2011-02-10
10894,1332,2011-03-05
10894,708,2011-03-25
11574,210,2000-05-04
11574,151,2000-06-13
11574,163,2000-07-03
11574,138,2000-08-09
11574,126,2000-09-23
11574,127,2000-10-28
11574,153,2000-12-11
11732,1764,2008-11-08
11732,1556,2008-12-04
11732,1618,2009-01-15
11732,1729,2009-02-14
11732,1307,2009-03-25
11732,1963,2009-04-28
11732,1726,2009-06-03
11732,1610,2009-06-29
11732,1851,2009-08-06
11627,2570,2005-11-20
11627,1947,2005-12-10
11627,2228,2006-01-08
11627,1685,2006-02-07
11627,1924,2006-02-27
11627,1519,2006-03-17
11627,2346,2006-04-21
10136,107,2004-03-14
10136,110,2004-04-27
10136,108,2004-05-20
10136,83,2004-06-26
10136,60,2004-07-24
10136,80,2004-09-01
10136,104,2004-09-24
10136,73,2004-10-13
11422,2444,2007-01-03
11422,2500,2007-01-28
11422,2094,2007-02-14
11422,1401,2007-03-09
11422,2035,2007-03-28
11422,2374,2007-04-26
11422,2323,2007-05-14
11422,1764,2007-05-24
10050,743,2010-12-25
10050,922,2011-02-03
10050,704,2011-02-14
10050,1017,2011-04-04
10050,787,2011-05-03
10050,793,2011-06-11
10050,765,2011-07-18
10050,833,2011-08-11
11627,1410,2009-08-14
11627,1454,2009-09-27
11627,1806,2009-11-02
11627,2166,2009-12-03
11627,1360,2010-01-06
11627,1694,2010-02-15
11627,1749,2010-03-31
11464,1102,2006-08-04
11464,1185,2006-08-26
11464,1235,2006-10-10
11464,1055,2006-11-27
11464,1431,2006-12-19
11464,1319,2007-01-27
11464,1425,2007-02-22
11464,1367,2007-03-30
10605,1308,2007-05-14
10605,1244,2007-06-09
10605,1567,2007-07-27
10605,2053,2007-08-11
10605,1718,2007-09-07
10605,1296,2007-10-12
10605,1145,2007-11-16
10605,1215,2007-12-16
10759,623,2011-07-05
10759,1012,2011-07-20
10759,1124,2011-09-07
10759,977,2011-09-22
10759,633,2011-11-05
10759,760,2011-11-21
10759,1177,2012-01-07
10759,849,2012-02-16
10759,1212,2012-03-14
11900,2159,2004-07-16
11900,2589,2004-08-11
11900,1720,2004-08-26
11900,1647,2004-09-18
11900,2809,2004-10-16
11900,1487,2004-10-26
11900,2136,2004-12-08
11900,1952,2005-01-07
11900,1602,2005-02-06
11054,640,2001-02-10
11054,678,2001-03-09
11054,926,2001-04-25
11054,593,2001-05-13
11054,600,2001-05-23
11109,1949,2000-05-01
11109,2257,2000-05-15
11109,1685,2000-06-16
11109,1240,2000-07-25
11109,1937,2000-09-10
11109,2225,2000-09-20
11109,1489,2000-10-20
11109,2284,2000-12-08
10635,792,2007-06-05
10635,642,2007-07-08
10635,894,2007-08-13
10635,885,2007-09-10
10635,1002,2007-10-10
10635,841,2007-10-30
10635,518,2007-11-15
10635,737,2007-11-28
10635,631,2007-12-30
10515,1080,2001-06-05
10515,1516,2001-07-17
10515,1479,2001-08-15
10515,1105,2001-09-09
10515,879,2001-10-24
10515,1434,2001-11-28
10019,1759,2012-03-15
10019,1178,2012-04-30
10019,2042,2012-05-11
10019,1942,2012-06-09
10019,1759,2012-07-12
10019,1468,2012-08-04
10019,1955,2012-09-12
10019,1867,2012-10-05
10019,1593,2012-11-18
11755,1799,2011-09-14
11755,1395,2011-10-22
11755,1602,2011-11-13
11755,2060,2011-11-30
11755,2016,2011-12-30
11755,1699,2012-02-14
11755,1571,2012-03-20
11755,2292,2012-05-07
11755,1764,2012-06-23
10359,422,2014-11-17
10359,358,2014-12-27
10359,354,2015-01-28
10359,407,2015-02-12
10359,324,2015-03-16
10359,341,2015-04-27
10925,395,2013-08-08
10925,293,2013-09-20
10925,522,2013-10-23
10925,478,2013-12-11
10925,338,2013-12-23
10925,320,2014-01-25
10925,489,2014-03-03
11528,1674,2009-05-13
11528,1238,2009-05-26
11528,1417,2009-06-05
11528,1383,2009-06-19
11528,1136,2009-07-28
11528,1215,2009-09-05
11767,253,2001-12-11
11767,414,2002-01-11
11767,258,2002-01-30
11767,240,2002-03-20
11767,396,2002-04-19
11767,398,2002-05-18
11767,340,2002-06-14
11767,389,2002-06-24
11003,836,2013-12-16
11003,970,2014-01-30
11003,556,2014-03-17
11003,771,2014-04-14
11003,811,2014-05-15
11003,847,2014-06-22
11896,914,2007-03-19
11896,576,2007-05-06
11896,741,2007-06-16
11896,826,2007-06-26
11896,654,2007-07-14
11000,1524,2006-06-23
11000,1477,2006-07-22
11000,909,2006-08-03
11000,1227,2006-09-07
11000,936,2006-10-06
11000,1419,2006-10-17
11000,1460,2006-10-27
11000,1510,2006-11-16
10243,1963,2007-08-22
10243,1584,2007-09-16
10243,1496,2007-09-26
10243,2015,2007-11-07
10243,1993,2007-12-10
10243,2182,2008-01-04
10243,2701,2008-02-15
10243,2889,2008-03-04
10243,2893,2008-03-24
10252,2265,2012-01-08
10252,1903,2012-01-19
10252,1481,2012-02-01
10252,2184,2012-03-07
10252,1501,2012-03-26
10252,2463,2012-04-09
10252,1967,2012-04-27
10252,1438,2012-05-23
11488,280,2014-04-15
11488,287,2014-05-22
11488,228,2014-07-01
11488,280,2014-07-11
11488,287,2014-08-20
11488,159,2014-09-04
11488,297,2014-09-20
11488,258,2014-11-05
11488,195,2014-12-08
11538,618,2001-05-04
11538,597,2001-06-21
11538,660,2001-08-07
11538,538,2001-09-24
11538,548,2001-10-22
10400,2060,2000-12-26
10400,2012,2001-01-07
10400,2754,2001-01-21
10400,2018,2001-03-10
10400,2683,2001-04-17
10400,2889,2001-04-28
10400,2650,2001-05-25
10400,2535,2001-06-06
11581,352,2004-12-14
11581,459,2005-02-01
11581,461,2005-03-16
11581,448,2005-05-03
11581,388,2005-05-29
11581,344,2005-06-19
11581,527,2005-07-03
11581,575,2005-08-03
11871,122,2010-08-28
11871,99,2010-09-26
11871,101,2010-10-09
11871,68,2010-11-23
11871,78,2010-12-28
11871,126,2011-02-11
11871,124,2011-03-08
10064,2098,2005-07-16
10064,2436,2005-08-18
10064,2070,2005-09-09
10064,2087,2005-10-27
10064,1890,2005-11-20
10064,2534,2006-01-01
10064,2670,2006-01-22
10064,1679,2006-02-11
10064,2455,2006-03-26
11471,302,2014-02-19
11471,589,2014-03-22
11471,545,2014-04-14
11471,504,2014-05-28
11471,383,2014-06-26
11471,595,2014-07-21
11471,495,2014-09-03
11471,419,2014-10-04
11471,489,2014-11-19
10689,171,2004-08-04
10689,114,2004-08-31
10689,125,2004-10-15
10689,202,2004-10-26
10689,151,2004-11-23
10689,150,2004-12-10
10689,158,2004-12-26
10689,145,2005-01-05
10042,78,2004-08-31
10042,85,2004-10-12
10042,79,2004-11-26
10042,52,2004-12-28
10042,80,2005-02-12
10042,78,2005-03-09
11428,927,2012-10-12
11428,1073,2012-10-30
11428,1266,2012-11-27
11428,1214,2012-12-22
11428,1585,2013-01-25
11428,1708,2013-02-21
11428,1105,2013-04-06
11428,1499,2013-05-17
11428,1342,2013-06-14
11184,729,2002-04-30
11184,745,2002-05-31
11184,934,2002-07-18
11184,575,2002-08-08
11184,686,2002-09-08
11184,914,2002-10-12
11184,1018,2002-11-16
10387,2083,2012-10-02
10387,2729,2012-11-16
10387,2195,2012-12-22
10387,1476,2013-02-05
10387,1497,2013-03-02
10387,2624,2013-03-24
10425,1613,2012-03-26
10425,1461,2012-05-04
10425,1024,2012-05-29
10425,1259,2012-06-11
10425,1185,2012-06-23
10315,1347,2006-02-28
10315,1624,2006-03-16
10315,2226,2006-04-14
10315,2377,2006-05-16
10315,1646,2006-05-31
11349,1841,2001-04-23
11349,2173,2001-06-01
11349,2276,2001-07-20
11349,2306,2001-09-03
11349,1511,2001-10-19
11349,2387,2001-11-02
11349,1387,2001-12-02
11349,1302,2001-12-15
10801,1070,2003-11-06
10801,582,2003-12-25
10801,600,2004-01-30
10801,835,2004-02-29
10801,853,2004-04-15
10801,907,2004-05-26
10801,1005,2004-07-10
10801,814,2004-08-01
10801,589,2004-09-18
11607,135,2003-01-15
11607,162,2003-02-04
11607,136,2003-02-23
11607,118,2003-03-12
11607,86,2003-03-24
11607,123,2003-05-11
11102,1282,2014-08-18
11102,1699,2014-10-05
11102,1649,2014-11-07
11102,2045,2014-12-04
11102,1347,2015-01-22
11102,1913,2015-02-09
10220,1092,2008-07-13
10220,888,2008-08-18
10220,1138,2008-09-06
10220,1429,2008-09-16
10220,1632,2008-10-07
10220,928,2008-11-19
11302,1819,2010-04-21
11302,1845,2010-06-04
11302,1445,2010-07-08
11302,2213,2010-08-04
11302,2527,2010-08-22
11302,1874,2010-09-28
11302,1375,2010-11-15
11302,2645,2010-11-27
11302,2104,2011-01-01
10624,200,2002-07-05
10624,183,2002-08-18
10624,174,2002-10-04
10624,193,2002-10-17
10624,234,2002-11-06
10624,170,2002-12-11
10624,173,2003-01-26
10624,218,2003-02-07
11759,222,2014-08-08
11759,325,2014-08-21
11759,213,2014-09-08
11759,270,2014-10-08
11759,209,2014-10-27
11759,202,2014-12-15
10739,481,2009-12-08
10739,467,2009-12-26
10739,576,2010-01-22
10739,713,2010-02-26
10739,739,2010-04-06
10739,558,2010-05-23
11464,1848,2014-01-09
11464,2098,2014-02-18
11464,1234,2014-04-04
11464,2067,2014-04-25
11464,1964,2014-05-13
11464,1144,2014-06-17
11464,1365,2014-07-21
11464,1335,2014-08-02
10109,1227,2003-09-18
10109,1263,2003-10-09
10109,1322,2003-11-18
10109,1211,2003-12-22
10109,898,2004-01-08
10109,894,2004-02-06
10109,1419,2004-03-15
10109,1134,2004-04-09
10109,1370,2004-04-21
11555,1786,2013-03-11
11555,1028,2013-03-29
11555,1777,2013-04-20
11555,1012,2013-05-19
11555,1020,2013-06-07
11555,1310,2013-06-19
11555,1025,2013-07-23
10396,1767,2005-07-17
10396,1428,2005-08-24
10396,2233,2005-09-27
10396,2140,2005-10-23
10396,1970,2005-12-03
10075,1182,2003-02-10
10075,1272,2003-03-02
10075,1525,2003-04-09
10075,1123,2003-05-07
10075,1049,2003-06-13
10075,1128,2003-06-29
10075,1624,2003-07-24
10075,1935,2003-09-02
10075,1774,2003-10-03
11366,1110,2010-05-26
11366,1653,2010-07-10
11366,1374,2010-08-23
11366,1714,2010-09-30
11366,2006,2010-10-26
11366,2058,2010-11-11
11366,1271,2010-12-14
11366,1097,2010-12-27
11366,1501,2011-02-07
10228,723,2005-11-22
10228,778,2005-12-27
10228,862,2006-01-28
10228,1061,2006-02-16
10228,1111,2006-03-18
10228,846,2006-04-24
10228,994,2006-05-23
10228,840,2006-06-27
11100,818,2002-07-09
11100,1064,2002-08-01
11100,908,2002-09-18
11100,1328,2002-10-20
11100,798,2002-11-10
11100,1164,2002-12-21
11100,1116,2003-01-21
11100,1159,2003-03-07
11131,475,2003-03-21
11131,676,2003-04-01
11131,598,2003-04-17
11131,401,2003-05-25
11131,498,2003-06-09
11131,444,2003-07-27
11131,467,2003-09-08
10143,1400,2011-03-06
10143,1784,2011-04-16
10143,1808,2011-05-04
10143,1299,2011-06-08
10143,1895,2011-07-26
10113,560,2006-03-27
10113,596,2006-04-28
10113,942,2006-05-09
10113,764,2006-05-25
10113,745,2006-07-09
11110,1105,2014-04-25
11110,1326,2014-05-20
11110,982,2014-07-02
11110,866,2014-08-01
11110,1022,2014-08-31
11643,461,2000-11-26
11643,754,2000-12-11
11643,593,2001-01-21
11643,651,2001-02-14
11643,718,2001-03-10
11643,747,2001-04-10
11643,451,2001-05-10
10118,2065,2013-08-19
10118,1969,2013-09-26
10118,1115,2013-10-24
10118,1514,2013-11-10
10118,1156,2013-12-14
10118,2009,2014-01-05
10118,1401,2014-01-21
10118,1640,2014-02-27
10391,2696,2012-10-26
10391,2336,2012-12-05
10391,2427,2012-12-20
10391,1453,2013-01-30
10391,2464,2013-03-13
10391,1689,2013-04-30
10391,2218,2013-05-20
10391,2002,2013-06-12
11820,229,2004-06-13
11820,272,2004-07-04
11820,295,2004-08-07
11820,301,2004-09-16
11820,367,2004-11-04
10317,1249,2001-12-15
10317,1430,2002-01-28
10317,1826,2002-02-19
10317,1433,2002-03-10
10317,1741,2002-03-20
10317,1909,2002-03-30
10317,1649,2002-05-10
10317,1435,2002-06-20
10447,2396,2000-12-27
10447,1986,2001-02-08
10447,1504,2001-03-29
10447,1642,2001-04-27
10447,1720,2001-05-29
10447,1783,2001-06-16
10447,1705,2001-07-06
10447,1903,2001-08-08
11422,2522,2003-04-19
11422,2671,2003-05-28
11422,1372,2003-07-15
11422,2009,2003-08-16
11422,2500,2003-09-19
11379,76,2000-02-16
11379,86,2000-03-22
11379,57,2000-04-12
11379,57,2000-05-26
11379,70,2000-07-12
11792,567,2010-06-01
11792,791,2010-07-17
11792,658,2010-08-26
11792,867,2010-09-17
11792,824,2010-10-04
11792,625,2010-10-22
11792,617,2010-12-02
11792,967,2011-01-15
10761,178,2000-07-19
10761,126,2000-09-04
10761,161,2000-10-22
10761,156,2000-11-24
10761,109,2000-12-23
10761,108,2001-01-15
10761,174,2001-02-02
10761,186,2001-03-03
10761,136,2001-03-22
11528,2137,2015-03-02
11528,1488,2015-04-16
11528,2764,2015-05-26
11528,1621,2015-07-05
11528,2705,2015-07-19
11701,2586,2004-12-12
11701,2515,2005-01-15
11701,2366,2005-02-08
11701,1449,2005-03-21
11701,2467,2005-04-18
11701,2341,2005-05-25
11701,1469,2005-06-24
11778,705,2005-10-17
11778,585,2005-11-02
11778,800,2005-11-29
11778,692,2005-12-19
11778,674,2006-01-29
11778,718,2006-02-28
10033,2211,2000-11-04
10033,2362,2000-12-20
10033,2640,2001-01-01
10033,1880,2001-01-14
10033,2725,2001-01-26
10033,2732,2001-02-12
10033,1604,2001-03-08
10284,1103,2012-07-04
10284,1858,2012-08-03
10284,1533,2012-09-10
10284,1764,2012-10-18
10284,1629,2012-10-28
10284,1668,2012-11-17
10284,1233,2012-12-17
10284,1980,2013-01-02
10295,1233,2012-09-06
10295,1167,2012-10-23
10295,1844,2012-11-17
10295,1074,2012-12-11
10295,1908,2013-01-07
11584,1064,2013-04-15
11584,1541,2013-05-27
11584,1582,2013-06-29
11584,1114,2013-07-15
11584,1664,2013-08-01
11584,1037,2013-08-23
11584,1145,2013-09-26
11584,968,2013-10-23
11584,1419,2013-11-21
10927,1106,2001-05-27
10927,1323,2001-06-20
10927,1906,2001-08-03
10927,1726,2001-08-16
10927,1912,2001-09-30
10927,2037,2001-11-03
10927,1501,2001-12-09
10927,1091,2002-01-10
10562,354,2002-10-10
10562,269,2002-10-23
10562,290,2002-11-29
10562,210,2003-01-11
10562,238,2003-01-29
10562,341,2003-03-02
10562,295,2003-03-18
10562,214,2003-04-01
10003,235,2004-05-18
10003,174,2004-06-12
10003,254,2004-07-27
10003,284,2004-09-01
10003,242,2004-10-16
10190,1072,2014-10-21
10190,1476,2014-11-12
10190,1144,2014-11-24
10190,1514,2014-12-21
10190,1543,2015-01-17
10190,1331,2015-02-23
10190,1399,2015-03-16
10190,1800,2015-04-26
10190,1810,2015-05-24
11963,1351,2008-03-23
11963,1613,2008-04-25
11963,1543,2008-05-06
11963,838,2008-05-26
11963,1609,2008-06-06
11963,935,2008-07-23
11963,1074,2008-08-21
11963,1316,2008-09-21
11688,367,2005-11-12
11688,293,2005-12-14
11688,410,2006-01-30
11688,454,2006-02-24
11688,301,2006-04-08
11688,466,2006-04-20
11688,417,2006-05-07
11688,470,2006-06-07
11688,260,2006-06-28
10068,2191,2000-08-03
10068,2177,2000-09-15
10068,1262,2000-09-29
10068,1842,2000-10-13
10068,1470,2000-11-11
10976,1407,2005-02-23
10976,1779,2005-03-16
10976,2262,2005-03-28
10976,1236,2005-05-07
10976,1583,2005-05-18
10976,2098,2005-06-08
10976,2303,2005-07-04
10537,2052,2007-10-17
10537,2346,2007-12-02
10537,1321,2007-12-13
10537,1611,2008-01-17
10537,2083,2008-03-02
10537,1270,2008-03-13
10537,1768,2008-03-27
10537,1218,2008-04-12
10537,1199,2008-05-29
11780,1648,2000-06-23
11780,1520,2000-08-08
11780,2046,2000-09-01
11780,2062,2000-09-17
11780,2309,2000-10-26
11780,2065,2000-11-08
11780,1914,2000-12-23
11780,1365,2001-01-10
11780,1302,2001-02-04
10598,1793,2007-09-22
10598,1520,2007-11-06
10598,1932,2007-12-19
10598,1834,2008-01-14
10598,2102,2008-02-05
10062,2687,2005-02-07
10062,2530,2005-03-04
10062,2332,2005-04-14
10062,2466,2005-05-17
10062,2781,2005-07-03
10062,1445,2005-07-26
10062,2082,2005-08-22
10062,2490,2005-09-15
10062,1866,2005-10-07
11455,539,2004-08-03
11455,536,2004-08-16
11455,323,2004-09-30
11455,371,2004-10-15
11455,549,2004-10-30
11242,1270,2005-02-03
11242,1164,2005-03-17
11242,1499,2005-05-04
11242,1499,2005-05-15
11242,1787,2005-06-16
10631,1080,2008-11-28
10631,982,2009-01-13
10631,1584,2009-03-03
10631,1622,2009-03-13
10631,1501,2009-04-02
10631,1251,2009-05-13
10631,1511,2009-06-06
10631,1591,2009-07-25
10631,1182,2009-08-24
11504,2102,2007-01-08
11504,1864,2007-02-26
11504,1605,2007-03-16
11504,1527,2007-04-20
11504,1807,2007-05-27
10551,1574,2003-08-03
10551,1738,2003-09-17
10551,1990,2003-10-08
10551,2194,2003-11-02
10551,1963,2003-11-20
10551,2237,2003-12-06
10551,2568,2003-12-17
11814,896,2004-08-19
11814,910,2004-09-29
11814,799,2004-10-30
11814,1037,2004-11-10
11814,556,2004-12-25
11814,861,2005-01-15
11814,705,2005-02-09
10940,1013,2011-06-06
10940,860,2011-07-15
10940,820,2011-08-06
10940,763,2011-09-18
10940,1111,2011-10-27
10940,865,2011-12-02
10073,1229,2014-07-05
10073,1335,2014-08-04
10073,835,2014-08-18
10073,1292,2014-09-30
10073,1050,2014-11-16
10965,360,2004-04-19
10965,360,2004-05-25
10965,290,2004-06-11
10965,209,2004-06-24
10965,234,2004-07-05
10965,276,2004-08-02
10965,364,2004-09-02
10965,225,2004-09-30
10902,700,2014-05-15
10902,740,2014-06-02
10902,1027,2014-06-14
10902,904,2014-07-16
10902,833,2014-08-26
10902,732,2014-10-10
10902,650,2014-11-18
10902,999,2014-12-16
11992,2186,2009-06-03
11992,2635,2009-07-02
11992,2722,2009-08-07
11992,1587,2009-09-03
11992,1952,2009-10-16
11482,892,2007-12-25
11482,653,2008-02-06
11482,1242,2008-03-22
11482,1155,2008-04-15
11482,1033,2008-05-04
11482,1239,2008-06-19
10919,1053,2012-01-10
10919,1537,2012-02-23
10919,1389,2012-04-11
10919,1471,2012-04-27
10919,1407,2012-05-30
11727,201,2012-06-06
11727,270,2012-06-26
11727,326,2012-07-09
11727,236,2012-08-05
11727,221,2012-09-04
11727,247,2012-09-19
11727,217,2012-10-10
10036,732,2007-07-05
10036,694,2007-08-20
10036,862,2007-09-15
10036,751,2007-10-09
10036,906,2007-10-28
10036,1101,2007-11-18
10036,706,2007-12-11
10036,898,2008-01-10
11006,1802,2002-11-17
11006,2138,2002-12-03
11006,1353,2003-01-15
11006,1738,2003-02-08
11006,2248,2003-03-03
11006,2089,2003-04-11
11006,1803,2003-04-28
11326,494,2010-05-17
11326,695,2010-07-02
11326,408,2010-08-10
11326,369,2010-08-30
11326,382,2010-09-12
11326,650,2010-09-29
10353,369,2009-09-11
10353,481,2009-10-23
10353,530,2009-11-18
10353,448,2009-12-11
10353,423,2010-01-26
10353,536,2010-03-10
10906,1154,2008-05-24
10906,1401,2008-07-03
10906,964,2008-08-05
10906,1137,2008-08-30
10906,976,2008-10-14
10906,844,2008-11-22
11330,471,2002-01-16
11330,618,2002-02-06
11330,810,2002-03-01
11330,652,2002-03-15
11330,447,2002-03-25
11330,821,2002-04-24
11330,474,2002-05-10
11330,810,2002-06-28
11330,800,2002-08-12
11234,1553,2001-03-07
11234,1204,2001-03-29
11234,1732,2001-05-15
11234,1596,2001-05-31
11234,1830,2001-06-26
11234,1586,2001-07-16
11234,1111,2001-08-22
11234,1568,2001-09-12
11928,2043,2012-12-06
11928,1995,2013-01-03
11928,1886,2013-01-18
11928,1657,2013-02-27
11928,2004,2013-04-04
11360,1949,2005-09-05
11360,1332,2005-10-22
11360,1493,2005-11-12
11360,2000,2005-12-23
11360,1521,2006-02-04
11360,1259,2006-03-15
11539,2541,2010-01-09
11539,2307,2010-02-12
11539,2156,2010-03-07
11539,2241,2010-04-15
11539,1961,2010-05-26
11539,1603,2010-07-01
11750,1381,2014-08-24
11750,1477,2014-09-07
11750,1325,2014-09-23
11750,919,2014-10-15
11750,1119,2014-12-02
11750,947,2015-01-16
11750,835,2015-02-17
11413,252,2004-08-22
11413,203,2004-09-18
11413,258,2004-10-06
11413,207,2004-10-26
11413,289,2004-12-13
11413,369,2005-01-30
11231,302,2006-09-14
11231,307,2006-10-01
11231,336,2006-10-23
11231,356,2006-11-26
11231,376,2006-12-29
11231,314,2007-02-11
11231,368,2007-02-27
11231,317,2007-04-12
11231,339,2007-05-04
10990,987,2007-09-02
10990,750,2007-10-09
10990,577,2007-11-17
10990,567,2007-12-23
10990,563,2008-02-08
10990,1001,2008-02-22
10990,677,2008-03-07
10990,836,2008-03-28
10571,2008,2007-06-18
10571,1331,2007-07-15
10571,1655,2007-07-25
10571,1338,2007-08-31
10571,1680,2007-09-26
10571,2005,2007-10-23
10571,1155,2007-11-21
10571,1863,2007-12-30
10571,1991,2008-01-24
10690,1359,2007-06-08
10690,1788,2007-07-18
10690,2018,2007-07-30
10690,1942,2007-09-11
10690,2367,2007-10-16
10256,415,2001-03-27
10256,541,2001-05-08
10256,642,2001-06-20
10256,531,2001-07-07
10256,554,2001-08-13
10256,419,2001-09-27
11989,172,2010-09-19
11989,156,2010-10-21
11989,122,2010-11-20
11989,153,2011-01-04
11989,175,2011-02-19
11989,121,2011-03-01
10823,2111,2006-02-21
10823,2463,2006-03-28
10823,2476,2006-04-07
10823,1546,2006-05-20
10823,1998,2006-07-06
10823,2392,2006-07-16
10823,2361,2006-08-04
10823,2882,2006-08-25
10823,2140,2006-09-05
11361,696,2007-10-26
11361,630,2007-11-29
11361,494,2007-12-13
11361,764,2008-01-24
11361,425,2008-02-29
11361,755,2008-04-11
11361,677,2008-04-23
10758,923,2003-04-19
10758,1105,2003-05-23
10758,1493,2003-07-10
10758,1512,2003-08-20
10758,1399,2003-09-28
10758,954,2003-10-16
10758,1359,2003-11-01
11812,1661,2012-04-09
11812,1204,2012-05-01
11812,1449,2012-06-08
11812,1359,2012-07-16
11812,1443,2012-07-27
11812,1054,2012-09-06
11812,1210,2012-10-03
10816,773,2010-07-12
10816,633,2010-07-23
10816,593,2010-08-19
10816,586,2010-09-14
10816,420,2010-10-10
10816,783,2010-10-23
11403,485,2010-11-27
11403,307,2010-12-30
11403,419,2011-01-14
11403,334,2011-02-16
11403,417,2011-03-15
11403,397,2011-04-30
11403,530,2011-05-12
11403,332,2011-06-21
11403,470,2011-07-09
11068,442,2002-02-24
11068,325,2002-03-23
11068,406,2002-04-30
11068,381,2002-06-12
11068,585,2002-06-25
11068,446,2002-07-28
11068,503,2002-09-09
10277,160,2007-07-20
10277,151,2007-08-19
10277,154,2007-09-21
10277,138,2007-11-08
10277,110,2007-12-04
10277,159,2007-12-31
11259,1281,2014-10-17
11259,1052,2014-11-22
11259,1121,2014-12-02
11259,866,2015-01-09
11259,1109,2015-02-10
11259,1435,2015-02-23
11259,1433,2015-03-10
11259,840,2015-04-21
10007,102,2012-01-10
10007,86,2012-02-13
10007,107,2012-03-12
10007,84,2012-04-20
10007,76,2012-05-29
10007,92,2012-07-09
10007,92,2012-08-25
10866,2734,2005-10-06
10866,2062,2005-11-12
10866,2811,2005-12-02
10866,2006,2006-01-02
10866,2847,2006-02-12
11613,391,2011-05-12
11613,283,2011-06-10
11613,337,2011-07-29
11613,250,2011-09-10
11613,292,2011-10-18
10098,1703,2013-02-03
10098,2104,2013-02-16
10098,2176,2013-03-15
10098,2812,2013-05-03
10098,1543,2013-05-21
10098,2651,2013-06-03
10098,2780,2013-07-07
10968,879,2005-03-09
10968,1508,2005-04-01
10968,1175,2005-05-17
10968,1014,2005-06-04
10968,1443,2005-07-23
10968,1165,2005-08-09
10968,1088,2005-09-23
10664,2412,2008-11-15
10664,2445,2008-12-05
10664,1882,2008-12-19
10664,2143,2009-01-21
10664,1902,2009-02-22
10664,1795,2009-03-13
10392,2080,2014-07-17
10392,1753,2014-08-18
10392,2314,2014-09-10
10392,1518,2014-10-06
10392,2531,2014-11-09
10392,1709,2014-11-25
10392,2043,2015-01-09
10392,1465,2015-02-15
10379,1450,2013-10-31
10379,2292,2013-12-01
10379,2112,2014-01-05
10379,2418,2014-02-16
10379,1640,2014-03-07
10379,2560,2014-04-06
11487,332,2005-09-23
11487,403,2005-10-23
11487,217,2005-11-03
11487,214,2005-11-30
11487,368,2005-12-27
11487,238,2006-01-07
11487,336,2006-02-02
11487,311,2006-03-07
11487,332,2006-04-10
10816,1537,2014-12-02
10816,1718,2015-01-12
10816,1540,2015-02-03
10816,1937,2015-03-07
10816,2047,2015-04-23
10816,1684,2015-06-07
10816,1284,2015-07-06
10516,1501,2006-11-07
10516,2309,2006-12-03
10516,2295,2006-12-28
10516,1436,2007-02-06
10516,1970,2007-03-11
10516,1608,2007-03-28
10516,2504,2007-04-12
10516,2007,2007-05-31
10516,2037,2007-07-12
11295,965,2003-05-03
11295,801,2003-06-16
11295,782,2003-06-26
11295,900,2003-07-11
11295,1004,2003-07-27
11295,1164,2003-08-14
11295,1032,2003-08-30
11130,2724,2006-08-31
11130,2568,2006-09-25
11130,2486,2006-11-11
11130,1520,2006-12-23
11130,1825,2007-01-15
11130,2457,2007-02-28
11130,2212,2007-03-23
10403,1755,2000-05-09
10403,1117,2000-05-25
10403,1828,2000-06-24
10403,1408,2000-08-07
10403,1204,2000-09-18
11486,2230,2005-10-18
11486,1634,2005-11-27
11486,2361,2005-12-26
11486,2689,2006-02-04
11486,2452,2006-02-21
11486,1752,2006-04-09
11486,2490,2006-05-05
11486,2187,2006-06-16
11486,2447,2006-06-29
10502,1862,2000-07-12
10502,2323,2000-07-23
10502,1486,2000-08-26
10502,1605,2000-09-08
10502,1718,2000-10-05
11063,768,2003-01-19
11063,829,2003-02-20
11063,909,2003-03-18
11063,1078,2003-04-08
11063,735,2003-04-21
11063,798,2003-06-04
10565,2286,2011-09-08
10565,2536,2011-09-24
10565,2398,2011-10-16
10565,1452,2011-11-02
10565,1739,2011-11-15
10565,2293,2011-12-19
10565,1346,2012-01-19
11366,648,2006-08-18
11366,377,2006-09-01
11366,539,2006-10-18
11366,437,2006-10-30
11366,525,2006-12-09
10551,1846,2002-01-09
10551,1491,2002-02-12
10551,1512,2002-02-27
10551,1181,2002-03-23
10551,1046,2002-05-02
10551,1459,2002-05-13
10551,969,2002-06-21
11492,1258,2012-01-30
11492,1210,2012-03-09
11492,952,2012-04-06
11492,1226,2012-05-11
11492,799,2012-06-13
11561,2689,2001-09-28
11561,1859,2001-10-13
11561,1548,2001-11-06
11561,2831,2001-12-21
11561,1618,2002-02-06
11766,2046,2013-04-06
11766,1784,2013-05-13
11766,2308,2013-05-31
11766,2158,2013-07-02
11766,2331,2013-07-16
11766,1941,2013-08-09
11770,375,2009-09-15
11770,663,2009-10-30
11770,708,2009-11-10
11770,415,2009-12-16
11770,527,2010-01-20
11770,557,2010-03-03
11770,492,2010-04-03
10621,914,2003-05-18
10621,882,2003-06-27
10621,988,2003-07-26
10621,1103,2003-09-05
10621,1309,2003-09-18
11398,695,2001-01-15
11398,728,2001-02-28
11398,1144,2001-03-17
11398,991,2001-03-29
11398,659,2001-04-17
11398,1003,2001-05-27
11398,739,2001-06-24
11987,1862,2010-10-25
11987,1318,2010-11-13
11987,1704,2010-12-26
11987,1960,2011-02-11
11987,2272,2011-03-04
11987,2217,2011-03-16
11987,2130,2011-04-20
11987,2016,2011-05-14
11987,1817,2011-06-30
10488,1393,2008-08-23
10488,868,2008-09-16
10488,800,2008-10-24
10488,1038,2008-11-26
10488,1180,2008-12-27
10488,1334,2009-01-17
10488,1254,2009-02-26
10488,922,2009-03-19
10488,1124,2009-04-15
10245,1040,2006-09-08
10245,1285,2006-09-20
10245,1317,2006-10-01
10245,1344,2006-10-25
10245,1213,2006-12-05
10245,1572,2006-12-19
10837,2133,2008-01-29
10837,2097,2008-03-05
10837,1197,2008-04-02
10837,1244,2008-05-10
10837,1603,2008-06-24
10837,1612,2008-07-14
10837,2141,2008-08-28
10837,1959,2008-10-12
10837,2344,2008-11-01
11259,1094,2010-09-02
11259,1277,2010-09-29
11259,952,2010-11-07
11259,869,2010-11-19
11259,733,2011-01-06
11259,1325,2011-02-07
11259,1063,2011-03-12
11259,1041,2011-04-20
10300,428,2004-06-20
10300,487,2004-08-08
10300,367,2004-08-20
10300,368,2004-09-15
10300,567,2004-10-15
10300,424,2004-11-12
11900,792,2010-08-09
11900,814,2010-09-20
11900,658,2010-10-12
11900,505,2010-11-23
11900,519,2011-01-11
11900,661,2011-01-27
11900,871,2011-03-03
11900,772,2011-03-15
11900,740,2011-04-14
10374,1681,2014-12-26
10374,1323,2015-01-06
10374,953,2015-02-07
10374,1283,2015-02-17
10374,897,2015-04-07
10374,1451,2015-05-09
10374,1595,2015-06-25
10374,1113,2015-07-19
11394,941,2005-11-23
11394,1305,2005-12-07
11394,1115,2005-12-29
11394,1580,2006-01-13
11394,1027,2006-02-11
11394,917,2006-03-17
11394,892,2006-04-13
11394,1097,2006-05-20
11394,1080,2006-06-23
11507,979,2004-09-11
11507,1226,2004-09-28
11507,1134,2004-10-19
11507,1321,2004-11-14
11507,730,2004-12-30
11507,1301,2005-01-09
11507,1241,2005-01-23
10019,126,2004-09-24
10019,190,2004-10-06
10019,196,2004-11-12
10019,127,2004-12-08
10019,126,2005-01-24
10476,2582,2009-12-07
10476,1885,2010-01-15
10476,1832,2010-02-22
10476,1948,2010-03-07
10476,2565,2010-03-21
11403,1445,2007-06-29
11403,1358,2007-07-13
11403,1821,2007-08-14
11403,2022,2007-09-03
11403,1571,2007-10-18
11177,1444,2000-11-16
11177,1103,2000-12-21
11177,1804,2001-01-07
11177,1638,2001-01-19
11177,1344,2001-03-04
11177,1113,2001-04-02
11177,1708,2001-04-16
11821,1257,2007-02-26
11821,1131,2007-03-26
11821,1243,2007-05-07
11821,1075,2007-05-28
11821,724,2007-07-07
11821,975,2007-08-20
11743,1106,2003-06-06
11743,613,2003-07-13
11743,621,2003-08-27
11743,1187,2003-10-02
11743,726,2003-10-22
10863,1282,2000-07-05
10863,811,2000-07-29
10863,1325,2000-09-01
10863,739,2000-09-22
10863,818,2000-10-30
10863,1264,2000-11-21
10863,1117,2000-12-09
10863,1044,2000-12-25
10863,1178,2001-01-25
10538,138,2000-08-06
10538,109,2000-08-31
10538,153,2000-09-11
10538,143,2000-09-30
10538,100,2000-10-24
10538,127,2000-11-20
10538,159,2000-12-14
10538,136,2001-01-09
10538,146,2001-02-02
10467,2237,2014-02-04
10467,2151,2014-03-02
10467,1830,2014-04-06
10467,2313,2014-05-10
10467,1266,2014-05-30
10467,1708,2014-06-30
10467,1534,2014-07-25
11589,1158,2007-04-28
11589,797,2007-05-10
11589,1150,2007-06-14
11589,1143,2007-07-06
11589,1019,2007-08-02
11589,867,2007-09-07
11016,2247,2014-05-11
11016,2081,2014-06-19
11016,1885,2014-07-23
11016,2233,2014-08-04
11016,1567,2014-09-19
11016,1734,2014-11-06
11016,1558,2014-12-05
11016,1822,2014-12-25
11876,367,2008-08-13
11876,421,2008-09-23
11876,532,2008-10-12
11876,548,2008-10-23
11876,378,2008-12-05
11876,434,2009-01-12
10610,1023,2012-06-21
10610,1630,2012-07-04
10610,1335,2012-07-28
10610,1464,2012-08-22
10610,1010,2012-09-28
10610,987,2012-11-06
10610,1396,2012-11-21
11173,517,2002-02-24
11173,694,2002-04-09
11173,671,2002-04-23
11173,669,2002-05-26
11173,478,2002-06-21
11173,431,2002-07-04
10761,1652,2013-12-23
10761,1084,2014-01-22
10761,1738,2014-03-05
10761,1722,2014-04-12
10761,2023,2014-04-29
10761,1235,2014-05-18
11725,665,2009-12-31
11725,563,2010-02-15
11725,357,2010-03-10
11725,701,2010-04-16
11725,429,2010-05-28
11725,433,2010-06-15
11725,479,2010-07-26
11725,607,2010-09-10
11725,515,2010-10-12
11928,1641,2004-04-12
11928,1001,2004-05-01
11928,1239,2004-06-11
11928,1358,2004-06-22
11928,1250,2004-07-11
11928,1684,2004-07-21
11928,1827,2004-08-17
11134,1109,2013-06-08
11134,1255,2013-06-28
11134,1338,2013-08-10
11134,1306,2013-09-06
11134,1059,2013-10-22
11134,918,2013-11-11
11939,233,2000-11-02
11939,235,2000-11-29
11939,274,2000-12-10
11939,227,2000-12-20
11939,271,2001-01-02
11939,157,2001-02-19
11939,250,2001-03-20
11939,236,2001-03-30
11474,1957,2005-08-14
11474,1697,2005-09-10
11474,1984,2005-09-28
11474,2239,2005-11-16
11474,1739,2005-12-03
11474,1287,2006-01-10
11051,200,2012-02-13
11051,238,2012-03-09
11051,262,2012-04-02
11051,260,2012-05-11
11051,218,2012-05-27
11051,294,2012-06-26
11051,234,2012-08-07
11051,278,2012-08-21
10040,302,2005-04-20
10040,471,2005-05-03
10040,555,2005-05-26
10040,343,2005-07-02
10040,449,2005-07-29
10040,523,2005-09-14
10040,436,2005-10-06
10768,1185,2004-10-29
10768,1125,2004-12-15
10768,1181,2005-01-30
10768,801,2005-03-10
10768,1003,2005-04-20
10768,1130,2005-05-21
10768,870,2005-06-11
10768,1239,2005-07-01
10024,1077,2006-04-11
10024,1569,2006-04-30
10024,1161,2006-06-09
10024,1012,2006-07-03
10024,1337,2006-07-22
10024,1203,2006-08-06
10024,1434,2006-08-17
11862,183,2000-06-04
11862,112,2000-06-30
11862,154,2000-07-11
11862,154,2000-08-03
11862,217,2000-09-07
11862,114,2000-10-06
11862,207,2000-10-25
11862,166,2000-11-20
11862,126,2000-12-14
10718,1244,2003-03-20
10718,1196,2003-04-14
10718,1305,2003-05-23
10718,1048,2003-06-15
10718,1389,2003-06-28
11572,702,2003-11-03
11572,487,2003-11-18
11572,960,2003-12-04
11572,909,2004-01-09
11572,631,2004-01-30
11572,629,2004-02-20
10862,2013,2003-08-15
10862,2001,2003-09-19
10862,2035,2003-10-02
10862,1614,2003-11-18
10862,1655,2003-12-11
10862,1285,2004-01-19
10743,726,2007-09-17
10743,1030,2007-10-08
10743,841,2007-11-02
10743,1036,2007-11-13
10743,1055,2007-12-16
10743,1063,2008-02-02
10743,839,2008-03-17
10743,742,2008-04-26
10743,1018,2008-05-17
10353,1624,2010-05-08
10353,1656,2010-05-18
10353,1555,2010-06-15
10353,1817,2010-07-07
10353,1860,2010-08-23
10353,1944,2010-09-18
10353,1276,2010-10-19
11730,1507,2011-05-12
11730,1317,2011-05-24
11730,1055,2011-06-16
11730,1567,2011-07-09
11730,934,2011-07-30
11730,1577,2011-09-06
11730,1509,2011-09-30
11214,848,2013-01-30
11214,727,2013-03-20
11214,660,2013-04-17
11214,604,2013-05-15
11214,466,2013-06-11
11051,2277,2003-06-12
11051,2471,2003-07-18
11051,1953,2003-09-01
11051,2537,2003-09-15
11051,1589,2003-10-28
11422,1518,2014-03-05
11422,2100,2014-04-01
11422,1470,2014-05-06
11422,2192,2014-06-17
11422,1500,2014-07-13
11761,1708,2010-03-30
11761,2076,2010-04-12
11761,1334,2010-04-29
11761,1770,2010-05-29
11761,2059,2010-07-02
11761,1687,2010-07-27
11761,1581,2010-09-02
10418,265,2011-03-01
10418,249,2011-03-28
10418,336,2011-04-16
10418,443,2011-05-02
10418,296,2011-05-28
10082,1387,2013-02-28
10082,2528,2013-04-07
10082,1569,2013-05-22
10082,1726,2013-06-27
10082,2671,2013-07-19
10082,1884,2013-08-03
10082,2626,2013-09-01
10082,2536,2013-09-13
10082,2341,2013-10-02
10704,1318,2013-11-24
10704,1070,2013-12-24
10704,1472,2014-01-30
10704,1408,2014-03-16
10704,1337,2014-04-26
11441,221,2012-07-13
11441,232,2012-07-23
11441,274,2012-08-22
11441,261,2012-10-08
11441,182,2012-11-03
11441,211,2012-12-04
11441,267,2012-12-19
11441,298,2013-01-24
11441,289,2013-03-12
10111,1383,2007-06-24
10111,1015,2007-07-31
10111,1042,2007-08-27
10111,1086,2007-10-01
10111,955,2007-11-13
10811,1753,2003-08-27
10811,2649,2003-09-25
10811,2299,2003-11-02
10811,2095,2003-11-18
10811,1421,2003-12-12
10811,2188,2004-01-10
10936,1365,2007-08-12
10936,2119,2007-09-05
10936,1349,2007-09-25
10936,2121,2007-11-11
10936,1786,2007-12-14
10936,1726,2007-12-31
10936,1283,2008-01-25
10936,1366,2008-03-14
11116,2448,2009-12-04
11116,2558,2010-01-09
11116,2324,2010-02-16
11116,2153,2010-03-28
11116,1599,2010-05-08
11116,2213,2010-05-21
11116,2721,2010-05-31
11116,1537,2010-07-08
11116,2474,2010-08-18
11674,363,2010-04-22
11674,324,2010-05-15
11674,436,2010-06-18
11674,362,2010-07-01
11674,453,2010-07-26
11674,514,2010-08-13
11674,558,2010-08-24
11674,458,2010-09-29
11674,344,2010-10-27
10914,247,2004-11-03
10914,216,2004-12-12
10914,314,2005-01-23
10914,167,2005-02-18
10914,167,2005-04-02
10914,199,2005-04-27
10914,219,2005-05-29
11821,1877,2014-07-30
11821,2423,2014-08-11
11821,2181,2014-08-28
11821,2200,2014-09-17
11821,1838,2014-10-10
11821,1459,2014-11-26
10790,2706,2014-02-25
10790,1658,2014-03-22
10790,2405,2014-04-24
10790,1570,2014-05-12
10790,1476,2014-05-23
11851,305,2003-11-27
11851,316,2003-12-15
11851,354,2004-01-09
11851,359,2004-02-23
11851,325,2004-04-01
11851,355,2004-05-03
11851,333,2004-06-20
11851,313,2004-07-15
10156,1060,2003-02-15
10156,1802,2003-02-28
10156,1539,2003-03-31
10156,1723,2003-05-10
10156,1724,2003-06-03
10156,1652,2003-06-24
10156,1670,2003-07-21
10156,1101,2003-08-10
11760,104,2013-05-11
11760,122,2013-06-18
11760,123,2013-06-28
11760,103,2013-08-05
11760,121,2013-08-25
11760,127,2013-09-08
11760,83,2013-09-23
11760,103,2013-11-09
10543,1477,2009-02-20
10543,2037,2009-03-19
10543,1848,2009-05-07
10543,1749,2009-05-21
10543,1828,2009-06-10
10639,1599,2003-01-30
10639,2132,2003-03-17
10639,2552,2003-04-19
10639,1880,2003-05-13
10639,1835,2003-06-04
10443,414,2012-04-04
10443,285,2012-04-20
10443,271,2012-05-15
10443,316,2012-06-18
10443,291,2012-07-07
10443,493,2012-08-10
10443,485,2012-09-17
10443,344,2012-10-28
11649,1172,2010-04-05
11649,1764,2010-05-23
11649,1292,2010-07-10
11649,1208,2010-07-29
11649,1128,2010-09-10
11938,303,2011-01-31
11938,186,2011-03-01
11938,197,2011-03-11
11938,182,2011-04-16
11938,193,2011-05-09
10118,1085,2012-02-28
10118,1194,2012-03-12
10118,694,2012-04-20
10118,1291,2012-05-07
10118,670,2012-06-05
10118,1290,2012-06-29
10118,732,2012-08-07
10118,692,2012-08-23
10118,1015,2012-10-06
11847,1804,2009-04-10
11847,1910,2009-05-14
11847,1437,2009-05-25
11847,2236,2009-06-18
11847,1243,2009-07-15
11847,2481,2009-08-09
11847,2023,2009-09-09
11514,1948,2000-03-12
11514,1448,2000-03-22
11514,2146,2000-04-01
11514,2568,2000-05-01
11514,1962,2000-06-05
11514,1613,2000-07-18
11514,1570,2000-08-27
11142,2798,2002-04-10
11142,1636,2002-05-22
11142,2354,2002-06-20
11142,2618,2002-08-04
11142,1579,2002-08-16
10337,1140,2007-11-06
10337,1705,2007-11-28
10337,1205,2008-01-12
10337,1501,2008-02-07
10337,1070,2008-03-02
10337,1728,2008-04-17
10777,1724,2005-02-08
10777,2481,2005-03-02
10777,2591,2005-04-15
10777,1467,2005-05-12
10777,2537,2005-06-22
10777,2702,2005-08-02
10715,1807,2000-08-30
10715,2905,2000-10-11
10715,2154,2000-10-21
10715,2224,2000-11-02
10715,2199,2000-12-10
10715,1762,2001-01-22
10715,2152,2001-02-06
10715,1501,2001-03-21
10689,518,2011-09-15
10689,427,2011-09-30
10689,370,2011-11-06
10689,519,2011-12-21
10689,458,2012-01-03
10940,130,2005-11-11
10940,72,2005-12-04
10940,116,2006-01-20
10940,125,2006-02-18
10940,68,2006-03-29
11183,1174,2013-07-16
11183,1835,2013-08-13
11183,1918,2013-09-16
11183,1762,2013-10-02
11183,1654,2013-11-15
11183,1983,2013-12-19
11183,1332,2014-02-06
11183,1830,2014-02-27
10141,203,2010-10-31
10141,352,2010-11-30
10141,333,2010-12-31
10141,223,2011-01-31
10141,338,2011-03-15
10141,262,2011-03-31
10141,189,2011-04-14
10335,1417,2013-01-07
10335,1184,2013-02-14
10335,1438,2013-03-15
10335,1242,2013-04-26
10335,1417,2013-05-27
10335,1351,2013-06-18
10335,825,2013-07-23
11913,966,2000-11-15
11913,938,2000-12-12
11913,745,2001-01-17
11913,651,2001-02-03
11913,703,2001-02-24
11913,857,2001-04-06
10314,2450,2012-11-20
10314,1738,2012-12-22
10314,1803,2013-01-28
10314,2424,2013-03-05
10314,1876,2013-04-07
10314,1480,2013-05-10
10314,2563,2013-06-25
10314,2610,2013-08-05
11301,1486,2013-12-29
11301,1862,2014-02-12
11301,1313,2014-03-21
11301,949,2014-04-22
11301,1637,2014-06-05
11656,1082,2013-07-31
11656,1452,2013-08-31
11656,1458,2013-10-09
11656,1225,2013-11-26
11656,1382,2014-01-11
11656,807,2014-01-25
11656,1008,2014-02-20
11656,1571,2014-03-17
11656,1444,2014-04-21
11250,1135,2006-03-14
11250,1302,2006-04-18
11250,1445,2006-05-27
11250,904,2006-06-21
11250,1442,2006-07-07
11250,1518,2006-08-02
11250,951,2006-09-07
11250,1395,2006-10-16
11406,256,2003-01-13
11406,226,2003-02-04
11406,320,2003-03-06
11406,275,2003-03-17
11406,235,2003-04-08
11406,185,2003-05-09
11406,262,2003-05-23
11406,199,2003-06-20
10181,2174,2001-02-24
10181,2038,2001-04-13
10181,1293,2001-05-15
10181,1770,2001-06-03
10181,1323,2001-07-08
10181,1832,2001-08-11
11905,1434,2008-08-10
11905,2143,2008-08-25
11905,1701,2008-09-20
11905,1654,2008-10-12
11905,2266,2008-11-18
11905,1590,2008-12-04
11905,1830,2009-01-01
11905,1804,2009-02-07
11905,2198,2009-03-27
11609,962,2003-12-11
11609,638,2004-01-26
11609,728,2004-02-22
11609,681,2004-03-15
11609,1200,2004-03-25
11609,1027,2004-05-09
11609,1119,2004-06-18
11609,1047,2004-07-25
10469,1322,2000-04-11
10469,1397,2000-05-13
10469,1366,2000-06-23
10469,1385,2000-07-16
10469,1237,2000-09-03
10469,909,2000-10-20
10469,1440,2000-11-27
10469,1617,2000-12-19
10469,1261,2001-01-12
11618,2022,2000-07-17
11618,2096,2000-08-21
11618,1991,2000-09-27
11618,2039,2000-11-14
11618,2031,2000-12-20
11618,1999,2001-01-28
11618,1157,2001-02-23
11618,1220,2001-03-29
11618,1247,2001-04-30
11043,2810,2011-12-10
11043,1687,2012-01-09
11043,1913,2012-02-01
11043,2790,2012-03-03
11043,2226,2012-03-13
11043,1791,2012-04-08
11043,2001,2012-05-25
11043,2295,2012-06-26
10483,1134,2009-05-02
10483,672,2009-06-14
10483,702,2009-07-17
10483,674,2009-08-17
10483,1002,2009-10-04
10483,1065,2009-11-22
10483,1152,2009-12-08
10483,1080,2010-01-11
11175,1648,2001-10-28
11175,1033,2001-12-01
11175,1420,2002-01-06
11175,1387,2002-01-18
11175,1621,2002-01-28
10040,1116,2014-04-25
10040,1272,2014-06-04
10040,1113,2014-07-09
10040,1200,2014-08-18
10040,952,2014-09-27
10040,977,2014-10-10
10040,771,2014-10-30
10040,1448,2014-12-17
10041,1400,2012-07-18
10041,1934,2012-08-10
10041,1819,2012-09-15
10041,1990,2012-09-25
10041,1787,2012-10-15
10041,1720,2012-11-04
10041,2296,2012-11-17
10041,1477,2012-12-07
10711,489,2012-08-12
10711,536,2012-09-07
10711,616,2012-09-25
10711,658,2012-11-01
10711,536,2012-11-24
10711,501,2012-12-23
10738,1220,2008-12-05
10738,1246,2008-12-15
10738,1274,2008-12-27
10738,895,2009-02-05
10738,1120,2009-03-15
10738,725,2009-04-26
10738,1042,2009-06-08
10361,1820,2008-11-24
10361,1750,2008-12-26
10361,1858,2009-02-11
10361,1379,2009-02-26
10361,1869,2009-03-21
10361,1730,2009-04-18
10885,1054,2001-10-02
10885,755,2001-11-03
10885,1008,2001-12-08
10885,754,2001-12-27
10885,786,2002-02-08
10885,730,2002-03-14
10885,607,2002-04-19
10885,963,2002-05-13
10885,586,2002-05-25
11679,223,2013-07-26
11679,347,2013-09-01
11679,282,2013-09-28
11679,343,2013-10-08
11679,207,2013-11-06
11531,1208,2009-11-24
11531,1945,2009-12-06
11531,2210,2010-01-16
11531,1893,2010-02-05
11531,1705,2010-03-18
11531,1887,2010-05-02
10265,1186,2000-06-21
10265,1370,2000-07-28
10265,1366,2000-08-23
10265,2159,2000-09-11
10265,2067,2000-09-21
10265,2034,2000-10-18
10265,2166,2000-11-26
10265,1692,2000-12-11
10123,1933,2012-05-02
10123,1912,2012-06-07
10123,1192,2012-06-21
10123,1401,2012-07-09
10123,1463,2012-07-29
10123,1188,2012-08-15
10123,1447,2012-09-24
10123,2150,2012-10-10
11087,117,2002-04-15
11087,99,2002-05-24
11087,69,2002-06-11
11087,114,2002-07-11
11087,83,2002-07-27
11087,125,2002-08-10
11239,1074,2008-09-02
11239,1758,2008-09-24
11239,1734,2008-10-14
11239,1750,2008-12-02
11239,1521,2008-12-22
10384,1024,2001-04-17
10384,1044,2001-05-21
10384,824,2001-06-08
10384,926,2001-07-21
10384,1003,2001-08-03
10384,800,2001-08-15
11236,2240,2009-12-11
11236,1488,2010-01-27
11236,1934,2010-02-15
11236,1630,2010-03-20
11236,1764,2010-04-14
10335,1050,2013-10-21
10335,1001,2013-11-30
10335,1288,2013-12-10
10335,1767,2013-12-21
10335,1041,2013-12-31
10335,1449,2014-02-17
10335,1549,2014-04-06
10335,1394,2014-05-25
10335,954,2014-06-12
11971,1015,2011-07-19
11971,877,2011-08-05
11971,901,2011-08-30
11971,1065,2011-09-23
11971,1175,2011-10-29
11971,732,2011-11-10
11971,777,2011-12-17
11971,982,2012-01-05
11971,782,2012-01-21
10138,2624,2009-05-24
10138,1577,2009-07-03
10138,2581,2009-07-15
10138,2488,2009-07-27
10138,1825,2009-08-22
10138,2529,2009-09-06
11299,389,2002-10-04
11299,600,2002-11-13
11299,448,2002-12-02
11299,416,2003-01-16
11299,610,2003-03-05
11299,616,2003-04-17
11299,437,2003-06-05
11299,552,2003-07-24
11652,1560,2004-10-30
11652,1319,2004-11-16
11652,1126,2004-12-21
11652,1048,2005-02-07
11652,1077,2005-03-02
11652,1100,2005-03-22
11652,958,2005-04-05
11652,1123,2005-05-17
11652,1569,2005-06-22
11672,1747,2012-11-23
11672,1735,2013-01-06
11672,2558,2013-01-31
11672,2478,2013-02-18
11672,2585,2013-03-06
11672,1652,2013-04-20
11672,1966,2013-06-04
11059,729,2002-10-02
11059,910,2002-10-18
11059,555,2002-11-04
11059,606,2002-12-02
11059,792,2002-12-15
11059,548,2003-01-25
11059,811,2003-03-11
10273,798,2005-08-06
10273,786,2005-09-14
10273,430,2005-10-23
10273,591,2005-11-23
10273,732,2005-12-19
10273,615,2006-01-28
10273,431,2006-02-12
10273,532,2006-03-20
10249,941,2012-05-26
10249,657,2012-06-07
10249,739,2012-06-26
10249,654,2012-07-31
10249,807,2012-09-06
11624,1549,2007-08-14
11624,2580,2007-09-04
11624,2078,2007-09-27
11624,1843,2007-11-04
11624,2330,2007-11-25
11624,1977,2008-01-07
11624,1777,2008-01-23
10722,1053,2004-12-08
10722,1354,2004-12-20
10722,1748,2005-01-17
10722,1755,2005-03-01
10722,1750,2005-03-27
10722,1051,2005-04-27
10500,1168,2000-02-26
10500,1648,2000-03-14
10500,1156,2000-04-17
10500,1963,2000-05-12
10500,1784,2000-05-28
10721,1389,2010-02-23
10721,2437,2010-04-05
10721,2107,2010-05-16
10721,1408,2010-06-07
10721,2228,2010-07-26
10721,1439,2010-09-07
10721,1545,2010-09-26
10721,1656,2010-10-21
11291,387,2009-10-07
11291,246,2009-11-17
11291,448,2009-12-20
11291,290,2010-01-20
11291,406,2010-02-21
11291,312,2010-03-15
11291,395,2010-04-08
11291,252,2010-05-08
11291,398,2010-06-16
10695,1523,2012-06-29
10695,970,2012-07-24
10695,995,2012-08-16
10695,1452,2012-08-27
10695,1363,2012-09-21
10164,2109,2009-08-07
10164,1550,2009-08-19
10164,2125,2009-09-27
10164,1624,2009-11-08
10164,1860,2009-12-22
11774,1196,2008-11-03
11774,1472,2008-11-23
11774,1557,2008-12-23
11774,1524,2009-01-08
11774,1573,2009-02-01
11774,873,2009-03-02
11774,1189,2009-03-19
11774,1578,2009-05-07
11774,1543,2009-05-29
11054,1258,2011-10-09
11054,1827,2011-11-10
11054,1445,2011-12-15
11054,1841,2012-01-31
11054,1725,2012-02-11
11054,1320,2012-03-05
11054,1476,2012-03-20
11054,1751,2012-05-01
10564,1614,2004-09-07
10564,1611,2004-09-20
10564,887,2004-10-07
10564,1347,2004-11-02
10564,911,2004-11-14
10564,1491,2004-12-03
10833,1220,2009-07-22
10833,1153,2009-09-07
10833,845,2009-10-17
10833,791,2009-12-04
10833,817,2009-12-25
10482,259,2001-10-06
10482,271,2001-11-18
10482,351,2001-11-30
10482,244,2002-01-07
10482,259,2002-02-04
10482,246,2002-03-22
10482,387,2002-04-28
10482,362,2002-05-09
10482,396,2002-06-17
10900,1623,2011-05-03
10900,1469,2011-06-21
10900,2148,2011-07-29
10900,2806,2011-08-17
10900,1786,2011-09-04
11592,1090,2009-12-20
11592,726,2010-01-30
11592,762,2010-02-28
11592,1347,2010-03-27
11592,983,2010-04-11
11592,967,2010-05-17
11592,1385,2010-06-16
10282,136,2007-04-04
10282,236,2007-04-17
10282,158,2007-05-21
10282,206,2007-06-30
10282,145,2007-08-02
10282,135,2007-08-31
10282,209,2007-10-05
11137,494,2010-11-23
11137,716,2011-01-08
11137,447,2011-01-18
11137,477,2011-03-06
11137,598,2011-04-18
11137,373,2011-05-22
11137,468,2011-06-20
11137,501,2011-07-04
11137,370,2011-08-14
11560,1220,2001-05-10
11560,1487,2001-06-11
11560,1666,2001-07-14
11560,1831,2001-08-21
11560,1816,2001-09-14
11560,1939,2001-10-22
11560,1221,2001-11-19
10254,2181,2002-02-27
10254,2359,2002-04-03
10254,1562,2002-05-17
10254,2263,2002-06-13
10254,2228,2002-07-19
10254,2397,2002-08-12
10254,2676,2002-09-29
11244,1624,2005-02-26
11244,1337,2005-04-14
11244,1694,2005-05-22
11244,1257,2005-07-07
11244,1187,2005-08-13
11244,1790,2005-09-12
11244,1184,2005-10-12
10686,1313,2009-07-07
10686,1222,2009-07-17
10686,1320,2009-08-19
10686,1062,2009-09-28
10686,909,2009-11-13
10686,1497,2009-12-24
10686,1102,2010-01-12
11339,315,2004-09-18
11339,269,2004-10-08
11339,254,2004-11-02
11339,262,2004-11-29
11339,309,2004-12-23
11339,380,2005-01-11
10867,1012,2013-09-10
10867,1222,2013-10-09
10867,1513,2013-11-10
10867,1719,2013-12-10
10867,1068,2014-01-20
10370,548,2012-01-21
10370,720,2012-02-27
10370,537,2012-03-08
10370,873,2012-04-05
10370,961,2012-05-21
10163,1516,2004-06-30
10163,1231,2004-07-27
10163,1486,2004-08-18
10163,893,2004-09-28
10163,1366,2004-10-12
10163,962,2004-11-21
10163,1278,2004-12-29
11357,1493,2001-09-21
11357,1758,2001-10-18
11357,1690,2001-10-30
11357,1035,2001-11-17
11357,1156,2001-12-09
11357,1937,2002-01-05
11357,1706,2002-01-16
11357,1555,2002-02-19
10817,953,2007-05-01
10817,654,2007-05-20
10817,1178,2007-06-07
10817,884,2007-07-06
10817,794,2007-08-11
11714,2142,2012-07-04
11714,1978,2012-08-14
11714,1480,2012-08-31
11714,1803,2012-10-02
11714,1530,2012-10-18
11714,2105,2012-12-03
11714,1488,2013-01-19
11714,1547,2013-02-21
10092,1379,2009-06-10
10092,1362,2009-06-20
10092,2433,2009-07-04
10092,2297,2009-07-21
10092,1877,2009-08-03
10092,1620,2009-09-19
10092,2504,2009-10-04
11600,1879,2005-11-23
11600,1868,2005-12-03
11600,2497,2006-01-14
11600,2566,2006-02-21
11600,1846,2006-03-18
11600,2605,2006-04-09
11795,1526,2012-10-22
11795,1544,2012-12-08
11795,1554,2012-12-30
11795,2237,2013-01-23
11795,1926,2013-02-05
11795,2315,2013-02-21
10149,2088,2006-02-19
10149,2566,2006-04-02
10149,2016,2006-05-21
10149,2196,2006-06-19
10149,1586,2006-07-09
10149,2889,2006-08-12
11425,89,2004-01-13
11425,72,2004-01-24
11425,74,2004-03-06
11425,71,2004-03-26
11425,59,2004-04-12
11425,85,2004-05-09
11023,942,2014-10-29
11023,714,2014-12-04
11023,1086,2015-01-14
11023,806,2015-02-22
11023,623,2015-03-30
11023,895,2015-05-13
11023,1068,2015-06-10
